ResourceID,Camera FOV,Camera Far,Camera Near,Camera Type,Center Mode,Cloud Storage URL,Coordinates,Description,Documents,Drawings,Explicit Center X,Explicit Center Y,Explicit Center Z,Explicit Radius X,Explicit Radius Y,Explicit Radius Z,File,File Format Type,Keywords,Max Angle X,Max Angle Y,Max Dist,Max Pan X,Max Pan Y,Max Pan Z,Max Phi,Max Theta,Measurement Unit,Min Angle X,Min Angle Y,Min Dist,Min Pan X,Min Pan Y,Min Pan Z,Min Phi,Min Theta,Motifs,Panel Number,Photographs,Radius Mode,Scene Lighting,Site ID,Start Angle X,Start Angle Y,Start Distance,Start Pan X,Start Pan Y,Start Pan Z,Start Phi,Start Theta,Thumbnail Image,Title,Trackball Type
bc774db8-a6b4-477d-88bd-e9b73ff64cfd,,,,,,"{'url': 'https://lcai-assets.s3.us-gov-west-1.amazonaws.com/models/LCAI-WRN-I-PANEL-01.nxs', 'url_label': ''}",GEOMETRYCOLLECTION (POINT (-115.04116 37.82103)),"Long upward facing rake - ""calendar""",,,,,,,,,,NXS,,,,,,,,,,Centimeter,,,,,,,,,,,,,,LN4136,,,,,,,,,,Calendar Rock Panel 1,
a0a0a0a0-0000-0100-0000-000000000000,,,,,,"{'url': 'https://lcai-assets.s3.amazonaws.com/models/Paiute-Rocks-P1.nxs', 'url_label': ''}",GEOMETRYCOLLECTION (POINT (-115.37326649 37.6061853)),"This large complex solid and stipple pecked panel faces south and is affected by exposure, lichen growth and surface spalling. Principal motifs include: rakes; arcs; a bisected circle; a spiral; a tailed circle; open circles; an atlatl design; a stick figure anthropomorph; rectilinear and curvilinear meanders; a triangle; and a plant-like design (a vertical line with connected horizontal lines). Some motifs once clearly extended into an area of the boulder that has now spalled away.",,"[{""resourceId"": ""a0a0a0a0-0000-0100-0002-000000000000"", ""ontologyProperty"": """", ""resourceXresourceId"": ""1f55dc64-949c-11f0-bc3b-02553ffbe539"", ""inverseOntologyProperty"": """"}, {""resourceId"": ""a0a0a0a0-0000-0100-0003-000000000000"", ""ontologyProperty"": """", ""resourceXresourceId"": ""1f55dc65-949c-11f0-bc3b-02553ffbe539"", ""inverseOntologyProperty"": """"}, {""resourceId"": ""a0a0a0a0-0000-0100-0006-000000000000"", ""ontologyProperty"": """", ""resourceXresourceId"": ""1f55dc66-949c-11f0-bc3b-02553ffbe539"", ""inverseOntologyProperty"": """"}]",,,,,,,,NXS,,,,,,,,,,Centimeter,,,,,,,,,,,"[{""resourceId"": ""a0a0a0a0-0000-0100-0001-000000000000"", ""ontologyProperty"": """", ""resourceXresourceId"": ""1f55dc5e-949c-11f0-bc3b-02553ffbe539"", ""inverseOntologyProperty"": """"}, {""resourceId"": ""a0a0a0a0-0000-0100-0004-000000000000"", ""ontologyProperty"": """", ""resourceXresourceId"": ""1f55dc5f-949c-11f0-bc3b-02553ffbe539"", ""inverseOntologyProperty"": """"}, {""resourceId"": ""a0a0a0a0-0000-0100-0005-000000000000"", ""ontologyProperty"": """", ""resourceXresourceId"": ""1f55dc60-949c-11f0-bc3b-02553ffbe539"", ""inverseOntologyProperty"": """"}]",,,LN356,,,,,,,,,/files/uploadedfiles/Paiute-Rocks_Panel-1_Preview-Image.jpg,Petroglyph Rocks - Panel 1,
a0a0a0a0-0000-0700-0000-000000000000,,,,,,"{'url': 'https://lcai-assets.s3.amazonaws.com/models/Paiute-Rocks-P7.nxs', 'url_label': ''}",GEOMETRYCOLLECTION (POINT (-115.3732603 37.6062834)),This solid pecked panel faces east and has been made in a natural hollow of patinated rock that is surrounded by a large area of surface spalling. The single motif is a bighorn sheep (approximately 15-x-12 cm).,,"[{""resourceId"": ""a0a0a0a0-0000-0700-0001-000000000000"", ""ontologyProperty"": """", ""resourceXresourceId"": ""1f55dc7c-949c-11f0-bc3b-02553ffbe539"", ""inverseOntologyProperty"": """"}]",,,,,,,,NXS,,,,,,,,,,Centimeter,,,,,,,,,,,"[{""resourceId"": ""a0a0a0a0-0000-0700-0002-000000000000"", ""ontologyProperty"": """", ""resourceXresourceId"": ""1f55dc78-949c-11f0-bc3b-02553ffbe539"", ""inverseOntologyProperty"": """"}]",,,LN356,,,,,,,,,/files/uploadedfiles/Paiute-Rocks_Panel-7_Preview-Image.jpg,Petroglyph Rocks - Panel 7,
a0a0a0a0-0000-1200-0000-000000000000,,,,,,"{'url': 'https://lcai-assets.s3.amazonaws.com/models/Paiute-Rocks-P12.nxs', 'url_label': ''}",GEOMETRYCOLLECTION (POINT (-115.37325117 37.60636275)),"This large, complex scratched and solid pecked panel faces north and is affected by surface spalling and graffitti. Superimpositioning is evident in many of the motifs. The graffiti takes the form of the scratched letters 'MOLLY / ADAM / I H 4.' Spalling has destroyed part of the panel. The principal motifs include: tailed circles; curvilinear meanders; arcs; a chain of circles; and a boat-shaped bighorn sheep figure.",,"[{""resourceId"": ""a0a0a0a0-0000-1200-0001-000000000000"", ""ontologyProperty"": """", ""resourceXresourceId"": ""20884bfd-949c-11f0-bc3b-02553ffbe539"", ""inverseOntologyProperty"": """"}, {""resourceId"": ""a0a0a0a0-0000-1200-0002-000000000000"", ""ontologyProperty"": """", ""resourceXresourceId"": ""20884bfe-949c-11f0-bc3b-02553ffbe539"", ""inverseOntologyProperty"": """"}, {""resourceId"": ""a0a0a0a0-0000-1200-0005-000000000000"", ""ontologyProperty"": """", ""resourceXresourceId"": ""20884bff-949c-11f0-bc3b-02553ffbe539"", ""inverseOntologyProperty"": """"}, {""resourceId"": ""a0a0a0a0-0000-1200-0007-000000000000"", ""ontologyProperty"": """", ""resourceXresourceId"": ""20884c00-949c-11f0-bc3b-02553ffbe539"", ""inverseOntologyProperty"": """"}, {""resourceId"": ""a0a0a0a0-0000-1200-0010-000000000000"", ""ontologyProperty"": """", ""resourceXresourceId"": ""20884c01-949c-11f0-bc3b-02553ffbe539"", ""inverseOntologyProperty"": """"}]",,,,,,,,NXS,,,,,,,,,,Centimeter,,,,,,,,,,,"[{""resourceId"": ""a0a0a0a0-0000-1200-0003-000000000000"", ""ontologyProperty"": """", ""resourceXresourceId"": ""20884bf5-949c-11f0-bc3b-02553ffbe539"", ""inverseOntologyProperty"": """"}, {""resourceId"": ""a0a0a0a0-0000-1200-0004-000000000000"", ""ontologyProperty"": """", ""resourceXresourceId"": ""20884bf6-949c-11f0-bc3b-02553ffbe539"", ""inverseOntologyProperty"": """"}, {""resourceId"": ""a0a0a0a0-0000-1200-0006-000000000000"", ""ontologyProperty"": """", ""resourceXresourceId"": ""20884bf7-949c-11f0-bc3b-02553ffbe539"", ""inverseOntologyProperty"": """"}, {""resourceId"": ""a0a0a0a0-0000-1200-0008-000000000000"", ""ontologyProperty"": """", ""resourceXresourceId"": ""20884bf8-949c-11f0-bc3b-02553ffbe539"", ""inverseOntologyProperty"": """"}, {""resourceId"": ""a0a0a0a0-0000-1200-0009-000000000000"", ""ontologyProperty"": """", ""resourceXresourceId"": ""20884bf9-949c-11f0-bc3b-02553ffbe539"", ""inverseOntologyProperty"": """"}]",,,LN356,,,,,,,,,/files/uploadedfiles/Paiute-Rocks_Panel-12_Preview-Image.jpg,Petroglyph Rocks - Panel 12,
a0a0a0a0-0000-1300-0000-000000000000,,,,,,"{'url': 'https://lcai-assets.s3.amazonaws.com/models/Paiute-Rocks-P13.nxs', 'url_label': ''}",GEOMETRYCOLLECTION (POINT (-115.37330054 37.60634961)),This extensive solid pecked panel faces northeast and is affected by exposure and lichen growth. Some figure modification is discernible on this panel. Motifs include: three rakes; arcs; a tailed circle; five bighorn sheep figures (one partially obscured by lichen); a dumbbell; an asterisk-like design; dots; zigzags; wavy lines; connected open circles; and curvilinear meanders.,,"[{""resourceId"": ""a0a0a0a0-0000-1300-0001-000000000000"", ""ontologyProperty"": """", ""resourceXresourceId"": ""20884c1a-949c-11f0-bc3b-02553ffbe539"", ""inverseOntologyProperty"": """"}, {""resourceId"": ""a0a0a0a0-0000-1300-0002-000000000000"", ""ontologyProperty"": """", ""resourceXresourceId"": ""20884c1b-949c-11f0-bc3b-02553ffbe539"", ""inverseOntologyProperty"": """"}, {""resourceId"": ""a0a0a0a0-0000-1300-0005-000000000000"", ""ontologyProperty"": """", ""resourceXresourceId"": ""20884c1c-949c-11f0-bc3b-02553ffbe539"", ""inverseOntologyProperty"": """"}, {""resourceId"": ""a0a0a0a0-0000-1300-0006-000000000000"", ""ontologyProperty"": """", ""resourceXresourceId"": ""20884c1d-949c-11f0-bc3b-02553ffbe539"", ""inverseOntologyProperty"": """"}, {""resourceId"": ""a0a0a0a0-0000-1300-0008-000000000000"", ""ontologyProperty"": """", ""resourceXresourceId"": ""20884c1e-949c-11f0-bc3b-02553ffbe539"", ""inverseOntologyProperty"": """"}, {""resourceId"": ""a0a0a0a0-0000-1300-0010-000000000000"", ""ontologyProperty"": """", ""resourceXresourceId"": ""20884c1f-949c-11f0-bc3b-02553ffbe539"", ""inverseOntologyProperty"": """"}, {""resourceId"": ""a0a0a0a0-0000-1300-0011-000000000000"", ""ontologyProperty"": """", ""resourceXresourceId"": ""20884c20-949c-11f0-bc3b-02553ffbe539"", ""inverseOntologyProperty"": """"}]",,,,,,,,NXS,,,,,,,,,,Centimeter,,,,,,,,,,,"[{""resourceId"": ""a0a0a0a0-0000-1300-0003-000000000000"", ""ontologyProperty"": """", ""resourceXresourceId"": ""20884c13-949c-11f0-bc3b-02553ffbe539"", ""inverseOntologyProperty"": """"}, {""resourceId"": ""a0a0a0a0-0000-1300-0004-000000000000"", ""ontologyProperty"": """", ""resourceXresourceId"": ""20884c14-949c-11f0-bc3b-02553ffbe539"", ""inverseOntologyProperty"": """"}, {""resourceId"": ""a0a0a0a0-0000-1300-0007-000000000000"", ""ontologyProperty"": """", ""resourceXresourceId"": ""20884c15-949c-11f0-bc3b-02553ffbe539"", ""inverseOntologyProperty"": """"}, {""resourceId"": ""a0a0a0a0-0000-1300-0009-000000000000"", ""ontologyProperty"": """", ""resourceXresourceId"": ""20884c16-949c-11f0-bc3b-02553ffbe539"", ""inverseOntologyProperty"": """"}]",,,LN356,,,,,,,,,/files/uploadedfiles/Paiute-Rocks_Panel-13_Preview-Image.jpg,Petroglyph Rocks - Panel 13,
a0a0a0a0-0000-2700-0000-000000000000,,,,,,"{'url': 'https://lcai-assets.s3.amazonaws.com/models/Paiute-Rocks-P27.nxs', 'url_label': ''}",GEOMETRYCOLLECTION (POINT (-115.37351198 37.60649101)),This stipple pecked panel faces north and incorporates a natural feature. Motifs include three bighorn sheep or deer/elk. This panel is affected by exposure and lichen growth. Some figure modification is discernible on this panel.,,"[{""resourceId"": ""a0a0a0a0-0000-2700-0001-000000000000"", ""ontologyProperty"": """", ""resourceXresourceId"": ""21b90c34-949c-11f0-bc3b-02553ffbe539"", ""inverseOntologyProperty"": """"}]",,,,,,,,NXS,,,,,,,,,,Centimeter,,,,,,,,,,,"[{""resourceId"": ""a0a0a0a0-0000-2700-0002-000000000000"", ""ontologyProperty"": """", ""resourceXresourceId"": ""21b90c30-949c-11f0-bc3b-02553ffbe539"", ""inverseOntologyProperty"": """"}]",,,LN356,,,,,,,,,/files/uploadedfiles/Paiute-Rocks_Panel-27_Preview-Image.jpg,Petroglyph Rocks - Panel 27,
a0a0a0a0-0000-18a0-0000-000000000000,,,,,,"{'url': 'https://lcai-assets.s3.amazonaws.com/models/Paiute-Rocks-P18-Left-of.nxs', 'url_label': ''}",GEOMETRYCOLLECTION (POINT (-115.37338161 37.60640872)),"This solid and stipple pecked panel faces east and is affected by exposure and surface spalling. Its motifs comprise a stick figure anthropomorph which has lost its left leg from surface spalling, and a line with two open circles.",,"[{""resourceId"": ""a0a0a0a0-0000-1800-0001-000000000000"", ""ontologyProperty"": """", ""resourceXresourceId"": ""20884c36-949c-11f0-bc3b-02553ffbe539"", ""inverseOntologyProperty"": """"}]",,,,,,,,NXS,,,,,,,,,,Centimeter,,,,,,,,,,,"[{""resourceId"": ""a0a0a0a0-0000-1800-0002-000000000000"", ""ontologyProperty"": """", ""resourceXresourceId"": ""20884c32-949c-11f0-bc3b-02553ffbe539"", ""inverseOntologyProperty"": """"}]",,,LN356,,,,,,,,,/files/uploadedfiles/Paiute-Rocks_Panel-18-Left-of_Preview-Image.jpg,Petroglyph Rocks - Panel 18 Left of,
a0a0a0a0-0000-18b0-0000-000000000000,,,,,,"{'url': 'https://lcai-assets.s3.amazonaws.com/models/Paiute-Rocks-P18.nxs', 'url_label': ''}",GEOMETRYCOLLECTION (POINT (-115.37338161 37.60640872)),"This solid and stipple pecked panel faces east and is affected by exposure and surface spalling. Its motifs comprise a stick figure anthropomorph which has lost its left leg from surface spalling, and a line with two open circles.",,"[{""resourceId"": ""a0a0a0a0-0000-1800-0001-000000000000"", ""ontologyProperty"": """", ""resourceXresourceId"": ""21b90bd4-949c-11f0-bc3b-02553ffbe539"", ""inverseOntologyProperty"": """"}]",,,,,,,,NXS,,,,,,,,,,Centimeter,,,,,,,,,,,"[{""resourceId"": ""a0a0a0a0-0000-1800-0002-000000000000"", ""ontologyProperty"": """", ""resourceXresourceId"": ""21b90bd0-949c-11f0-bc3b-02553ffbe539"", ""inverseOntologyProperty"": """"}]",,,LN356,,,,,,,,,/files/uploadedfiles/Paiute-Rocks_Panel-18_Preview-Image.jpg,Petroglyph Rocks - Panel 18,
a0a0a0a0-0000-1900-0000-000000000000,,,,,,"{'url': 'https://lcai-assets.s3.amazonaws.com/models/Paiute-Rocks-P19.nxs', 'url_label': ''}",GEOMETRYCOLLECTION (POINT (-115.37338161 37.60640872)),"This large solid pecked panel faces east and is affected by exposure and lichen growth. This panel has superimpositioning evident. Its principal motifs include a long wavy line, a row of open circles, rectilinear meanders, a cross pommee, and a rectilinear meander that incorporates three open circles. spalling and vegetation abutment. Its motifs are all rectilinear—a couple of lines, a cross-like figure and an indeterminate design obscured by the effects of surface spalling.",,"[{""resourceId"": ""a0a0a0a0-0000-1900-0001-000000000000"", ""ontologyProperty"": """", ""resourceXresourceId"": ""21b90bec-949c-11f0-bc3b-02553ffbe539"", ""inverseOntologyProperty"": """"}, {""resourceId"": ""a0a0a0a0-0000-1900-0003-000000000000"", ""ontologyProperty"": """", ""resourceXresourceId"": ""21b90bed-949c-11f0-bc3b-02553ffbe539"", ""inverseOntologyProperty"": """"}, {""resourceId"": ""a0a0a0a0-0000-1900-0004-000000000000"", ""ontologyProperty"": """", ""resourceXresourceId"": ""21b90bee-949c-11f0-bc3b-02553ffbe539"", ""inverseOntologyProperty"": """"}]",,,,,,,,NXS,,,,,,,,,,Centimeter,,,,,,,,,,,"[{""resourceId"": ""a0a0a0a0-0000-1900-0002-000000000000"", ""ontologyProperty"": """", ""resourceXresourceId"": ""21b90be6-949c-11f0-bc3b-02553ffbe539"", ""inverseOntologyProperty"": """"}, {""resourceId"": ""a0a0a0a0-0000-1900-0005-000000000000"", ""ontologyProperty"": """", ""resourceXresourceId"": ""21b90be7-949c-11f0-bc3b-02553ffbe539"", ""inverseOntologyProperty"": """"}, {""resourceId"": ""a0a0a0a0-0000-1900-0006-000000000000"", ""ontologyProperty"": """", ""resourceXresourceId"": ""21b90be8-949c-11f0-bc3b-02553ffbe539"", ""inverseOntologyProperty"": """"}]",,,LN356,,,,,,,,,/files/uploadedfiles/Paiute-Rocks_Panel-19_Preview-Image.jpg,Petroglyph Rocks - Panel 19,
a0a0a0a0-0000-2200-0000-000000000000,,,,,,"{'url': 'https://lcai-assets.s3.amazonaws.com/models/Paiute-Rocks-P22.nxs', 'url_label': ''}",GEOMETRYCOLLECTION (POINT (-115.37349092 37.6063772)),This solid pecked panel faces northwest and is affected by exposure. Its only motif is an arc.,,"[{""resourceId"": ""a0a0a0a0-0000-2200-0002-000000000000"", ""ontologyProperty"": """", ""resourceXresourceId"": ""21b90c04-949c-11f0-bc3b-02553ffbe539"", ""inverseOntologyProperty"": """"}]",,,,,,,,NXS,,,,,,,,,,Centimeter,,,,,,,,,,,"[{""resourceId"": ""a0a0a0a0-0000-2200-0001-000000000000"", ""ontologyProperty"": """", ""resourceXresourceId"": ""21b90c00-949c-11f0-bc3b-02553ffbe539"", ""inverseOntologyProperty"": """"}]",,,LN356,,,,,,,,,/files/uploadedfiles/Paiute-Rocks_Panel-22_Preview-Image.jpg,Petroglyph Rocks - Panel 22,
a0a0a0a0-0000-2300-0000-000000000000,,,,,,"{'url': 'https://lcai-assets.s3.amazonaws.com/models/Paiute-Rocks-P23.nxs', 'url_label': ''}",GEOMETRYCOLLECTION (POINT (-115.37351075 37.6064148)),"23A This solid and stipple pecked panel faces northwest and is affected by exposure and graffiti (the scratched initials 'I M'). Its motifs include: dots; random pecking; a line; and a finely executed deer/elk figure.<br>23B This abraded, scratched and stippled pecked panel faces northwest and is affected by exposure. This panel is graffiti and is an asterisk joined to an 'E' shape.",,"[{""resourceId"": ""a0a0a0a0-0000-2300-0004-000000000000"", ""ontologyProperty"": """", ""resourceXresourceId"": ""21b90c1d-949c-11f0-bc3b-02553ffbe539"", ""inverseOntologyProperty"": """"}, {""resourceId"": ""a0a0a0a0-0000-2300-0005-000000000000"", ""ontologyProperty"": """", ""resourceXresourceId"": ""21b90c1e-949c-11f0-bc3b-02553ffbe539"", ""inverseOntologyProperty"": """"}]",,,,,,,,NXS,,,,,,,,,,Centimeter,,,,,,,,,,,"[{""resourceId"": ""a0a0a0a0-0000-2300-0001-000000000000"", ""ontologyProperty"": """", ""resourceXresourceId"": ""21b90c16-949c-11f0-bc3b-02553ffbe539"", ""inverseOntologyProperty"": """"}, {""resourceId"": ""a0a0a0a0-0000-2300-0002-000000000000"", ""ontologyProperty"": """", ""resourceXresourceId"": ""21b90c17-949c-11f0-bc3b-02553ffbe539"", ""inverseOntologyProperty"": """"}, {""resourceId"": ""a0a0a0a0-0000-2300-0003-000000000000"", ""ontologyProperty"": """", ""resourceXresourceId"": ""21b90c18-949c-11f0-bc3b-02553ffbe539"", ""inverseOntologyProperty"": """"}, {""resourceId"": ""a0a0a0a0-0000-2300-0006-000000000000"", ""ontologyProperty"": """", ""resourceXresourceId"": ""21b90c19-949c-11f0-bc3b-02553ffbe539"", ""inverseOntologyProperty"": """"}]",,,LN356,,,,,,,,,/files/uploadedfiles/Paiute-Rocks_Panel-23_Preview-Image.jpg,Petroglyph Rocks - Panel 23,
a0a0a0a0-0000-3100-0000-000000000000,,,,,,"{'url': 'https://lcai-assets.s3.amazonaws.com/models/Paiute-Rocks-P31.nxs', 'url_label': ''}",GEOMETRYCOLLECTION (POINT (-115.37356312 37.60639334)),"This large, complex solid pecked panel faces south and exhibits superimpositioning. It is affected by exposure, lichen growth and surface spalling. Motifs include: concentric circles; open circles, arcs; lines; a tailed open circle; a grid; wavy lines; complex curvilinear meanders; and an indistinct bighorn sheep figure.<br>Panel 31-1 This solid pecked panel faces southeast and is affected by exposure, lichen growth and surface spalling. There is a modern hearth below this panel. The only motif is a short, wide line.<br>Panel 31-2 This stipple pecked panel faces southeast and is affected by exposure and surface spalling. Its only motif is a bighorn sheep figure that has dots for feet.",,"[{""resourceId"": ""a0a0a0a0-0000-3100-0002-000000000000"", ""ontologyProperty"": """", ""resourceXresourceId"": ""22e9f8e2-949c-11f0-bc3b-02553ffbe539"", ""inverseOntologyProperty"": """"}, {""resourceId"": ""a0a0a0a0-0000-3100-0005-000000000000"", ""ontologyProperty"": """", ""resourceXresourceId"": ""22e9f8e3-949c-11f0-bc3b-02553ffbe539"", ""inverseOntologyProperty"": """"}, {""resourceId"": ""a0a0a0a0-0000-3100-0006-000000000000"", ""ontologyProperty"": """", ""resourceXresourceId"": ""22e9f8e4-949c-11f0-bc3b-02553ffbe539"", ""inverseOntologyProperty"": """"}, {""resourceId"": ""a0a0a0a0-0000-3100-0008-000000000000"", ""ontologyProperty"": """", ""resourceXresourceId"": ""22e9f8e5-949c-11f0-bc3b-02553ffbe539"", ""inverseOntologyProperty"": """"}]",,,,,,,,NXS,,,,,,,,,,Centimeter,,,,,,,,,,,"[{""resourceId"": ""a0a0a0a0-0000-3100-0001-000000000000"", ""ontologyProperty"": """", ""resourceXresourceId"": ""22e9f8db-949c-11f0-bc3b-02553ffbe539"", ""inverseOntologyProperty"": """"}, {""resourceId"": ""a0a0a0a0-0000-3100-0003-000000000000"", ""ontologyProperty"": """", ""resourceXresourceId"": ""22e9f8dc-949c-11f0-bc3b-02553ffbe539"", ""inverseOntologyProperty"": """"}, {""resourceId"": ""a0a0a0a0-0000-3100-0004-000000000000"", ""ontologyProperty"": """", ""resourceXresourceId"": ""22e9f8dd-949c-11f0-bc3b-02553ffbe539"", ""inverseOntologyProperty"": """"}, {""resourceId"": ""a0a0a0a0-0000-3100-0007-000000000000"", ""ontologyProperty"": """", ""resourceXresourceId"": ""22e9f8de-949c-11f0-bc3b-02553ffbe539"", ""inverseOntologyProperty"": """"}]",,,LN356,,,,,,,,,/files/uploadedfiles/Paiute-Rocks_Panel-31_Preview-Image.jpg,Petroglyph Rocks - Panel 31,
a0a0a0a0-0000-4349-0000-000000000000,,,,,,"{'url': 'https://lcai-assets.s3.amazonaws.com/models/Paiute-Rocks-P43-49.nxs', 'url_label': ''}",GEOMETRYCOLLECTION (POINT (-115.37349076 37.60625117)),"This large, complex solid pecked panel faces south and is affected by surface spalling. Among its numerous motifs are: rakes; a cross; grids; rectilinear meanders; and a wavy line. Part of the panel seems to have been destroyed by surface spalling.<br>NOTE: This is only the description for 43, though the descriptions up to 49 should be included too.",,"[{""resourceId"": ""a0a0a0a0-0000-4300-0002-000000000000"", ""ontologyProperty"": """", ""resourceXresourceId"": ""22e9f8fd-949c-11f0-bc3b-02553ffbe539"", ""inverseOntologyProperty"": """"}, {""resourceId"": ""a0a0a0a0-0000-4900-0001-000000000000"", ""ontologyProperty"": """", ""resourceXresourceId"": ""22e9f8fe-949c-11f0-bc3b-02553ffbe539"", ""inverseOntologyProperty"": """"}]",,,,,,,,NXS,,,,,,,,,,Centimeter,,,,,,,,,,,"[{""resourceId"": ""a0a0a0a0-0000-4300-0001-000000000000"", ""ontologyProperty"": """", ""resourceXresourceId"": ""22e9f8f7-949c-11f0-bc3b-02553ffbe539"", ""inverseOntologyProperty"": """"}, {""resourceId"": ""a0a0a0a0-0000-4300-0003-000000000000"", ""ontologyProperty"": """", ""resourceXresourceId"": ""22e9f8f8-949c-11f0-bc3b-02553ffbe539"", ""inverseOntologyProperty"": """"}, {""resourceId"": ""a0a0a0a0-0000-4900-0002-000000000000"", ""ontologyProperty"": """", ""resourceXresourceId"": ""22e9f8f9-949c-11f0-bc3b-02553ffbe539"", ""inverseOntologyProperty"": """"}]",,,LN356,,,,,,,,,/files/uploadedfiles/Paiute-Rocks_Panel-43-49_Preview-Image.jpg,Petroglyph Rocks - Panels 43-49,
b0b0b0b0-0000-0102-0000-000000000000,,,,,,"{'url': 'https://lcai-assets.s3.amazonaws.com/models/LN4232-F1-P2.nxs', 'url_label': ''}",GEOMETRYCOLLECTION (POINT (-115.2837483 37.35971382)),"The panel comprises 53 imagesrepresenting 5 motifs: 4 Anthropomorphic (2 Pahranagat Pattern Body, 1 Linear Figure, 1 Line of Humans); 21 Zoomorphic (Big Horn, Cervid, and Partial); 1 Tracks (Bird Track); 3 Other (Circular Random and Random Pecking); and 24 Geometric (Simple Geometric, Dot Pattern, Grid, Dot and Line Pattern, Sinuous Line, Arc, Concentric Circle, Rake, and Oval).",,,,,,,,,,NXS,,,,,,,,,,Centimeter,,,,,,,,,,,"[{""resourceId"": ""b0b0b0b0-0000-0102-0001-000000000000"", ""ontologyProperty"": """", ""resourceXresourceId"": ""241c8465-949c-11f0-bc3b-02553ffbe539"", ""inverseOntologyProperty"": """"}, {""resourceId"": ""b0b0b0b0-0000-0102-0002-000000000000"", ""ontologyProperty"": """", ""resourceXresourceId"": ""241c8466-949c-11f0-bc3b-02553ffbe539"", ""inverseOntologyProperty"": """"}, {""resourceId"": ""b0b0b0b0-0000-0102-0003-000000000000"", ""ontologyProperty"": """", ""resourceXresourceId"": ""241c8467-949c-11f0-bc3b-02553ffbe539"", ""inverseOntologyProperty"": """"}]",,,LN4232,,,,,,,,,/files/uploadedfiles/Red-Pigment_Feature1_Panel2_preview.jpg,LN4232 Feature 1 -  Panel 2,
a0a0a0a0-0000-5051-0000-000000000000,,,,,,"{'url': 'https://lcai-assets.s3.amazonaws.com/models/Paiute-Rocks-P50-51.nxs', 'url_label': ''}",GEOMETRYCOLLECTION (POINT (-115.37342513 37.60624577)),"50 This solid pecked panel faces southwest and is affected by surface spalling. The numerous motifs in this panel include: nested arcs; joined circles; rakes; wavy lines; and a large, complex curvilinear meander.<br>51A This complex solid pecked panel faces southwest and is affected surface spalling. The edge of a natural hollow is outlined by one design (incorporation of a natural feature). The motifs in this panel include: complex curvilinear meanders; nested curving lines; a cross; undulating lines; and open circular/ovoid forms.<br>51B This stipple pecked panel faces south and is affected by exposure. Its motifs are difficult to discern but seem to include an open oval/circle and a curvilinear meander.",,"[{""resourceId"": ""a0a0a0a0-0000-5100-0001-000000000000"", ""ontologyProperty"": """", ""resourceXresourceId"": ""22e9f915-949c-11f0-bc3b-02553ffbe539"", ""inverseOntologyProperty"": """"}, {""resourceId"": ""a0a0a0a0-0000-5100-0004-000000000000"", ""ontologyProperty"": """", ""resourceXresourceId"": ""22e9f916-949c-11f0-bc3b-02553ffbe539"", ""inverseOntologyProperty"": """"}]",,,,,,,,NXS,,,,,,,,,,Centimeter,,,,,,,,,,,"[{""resourceId"": ""a0a0a0a0-0000-5100-0002-000000000000"", ""ontologyProperty"": """", ""resourceXresourceId"": ""22e9f910-949c-11f0-bc3b-02553ffbe539"", ""inverseOntologyProperty"": """"}, {""resourceId"": ""a0a0a0a0-0000-5100-0003-000000000000"", ""ontologyProperty"": """", ""resourceXresourceId"": ""22e9f911-949c-11f0-bc3b-02553ffbe539"", ""inverseOntologyProperty"": """"}]",,,LN356,,,,,,,,,/files/uploadedfiles/Paiute-Rocks_Panel-50-51_Preview-Image.jpg,Petroglyph Rocks - Panel 50 51,
a0a0a0a0-0000-5859-0000-000000000000,,,,,,"{'url': 'https://lcai-assets.s3.amazonaws.com/models/Paiute-Rocks-P58-59.nxs', 'url_label': ''}",GEOMETRYCOLLECTION (POINT (-115.37332608 37.60618285)),"58A This stipple pecked panel faces southeast and incorporates a natural feature. This panel is superimposed and is affected by exposure, surface spalling and graffiti. The graffiti takes the form of the date '1949' and a person’s head in profile. The prehistoric motifs include: an open circle; three anthropomorphic figures; a possible bighorn sheep figure; two open circles joined by a short horizontal line; and a curvilinear meander. The possible bighorn sheep figure incorporates a natural hole in its design.<br> 58B This solid pecked panel faces southeast and is affected by exposure and surface spalling. Its only motif is a pair of vertical lines that disappear into an area of spalling.<br>59A This stipple pecked panel faces east and is affected by exposure. Its motifs include an arc, an undulating line with two short vertical lines, and a fork-like figure.<br>59B This stipple pecked panel faces east and is affected by exposure. Its only motifs are areas of indistinct pecking.",,"[{""resourceId"": ""a0a0a0a0-0000-5800-0001-000000000000"", ""ontologyProperty"": """", ""resourceXresourceId"": ""22e9f92d-949c-11f0-bc3b-02553ffbe539"", ""inverseOntologyProperty"": """"}, {""resourceId"": ""a0a0a0a0-0000-5800-0002-000000000000"", ""ontologyProperty"": """", ""resourceXresourceId"": ""22e9f92e-949c-11f0-bc3b-02553ffbe539"", ""inverseOntologyProperty"": """"}, {""resourceId"": ""a0a0a0a0-0000-5900-0002-000000000000"", ""ontologyProperty"": """", ""resourceXresourceId"": ""22e9f92f-949c-11f0-bc3b-02553ffbe539"", ""inverseOntologyProperty"": """"}]",,,,,,,,NXS,,,,,,,,,,Centimeter,,,,,,,,,,,"[{""resourceId"": ""a0a0a0a0-0000-5800-0003-000000000000"", ""ontologyProperty"": """", ""resourceXresourceId"": ""22e9f928-949c-11f0-bc3b-02553ffbe539"", ""inverseOntologyProperty"": """"}, {""resourceId"": ""a0a0a0a0-0000-5900-0001-000000000000"", ""ontologyProperty"": """", ""resourceXresourceId"": ""22e9f929-949c-11f0-bc3b-02553ffbe539"", ""inverseOntologyProperty"": """"}]",,,LN356,,,,,,,,,/files/uploadedfiles/Paiute-Rocks_Panel-58-59_Preview-Image.jpg,Petroglyph Rocks - Panel 58 59,
b0b0b0b0-0000-01a1-0000-000000000000,,,,,,"{'url': 'https://lcai-assets.s3.amazonaws.com/models/LN4232-F1-P1-Bottom.nxs', 'url_label': ''}",GEOMETRYCOLLECTION (POINT (-115.28371069 37.35970102)),"(applies to entire F1 Panel 1) The panel comprises 31 images representing 5 motifs: 3 Anthropomorphic (Pahranagat Pattern Body); 13 Zoomorphic (Big Horn, Quadruped, and Partial); 2 Material Culture (Atlatl); 1 Other (random pecking); and 12 Geometric (Simple Geometric, Complex Geometric, Patterned Body, Rake Variation, Line, and Dot Pattern).",,,,,,,,,,NXS,,,,,,,,,,Centimeter,,,,,,,,,,,"[{""resourceId"": ""b0b0b0b0-0000-0101-0003-000000000000"", ""ontologyProperty"": """", ""resourceXresourceId"": ""241c8479-949c-11f0-bc3b-02553ffbe539"", ""inverseOntologyProperty"": """"}, {""resourceId"": ""b0b0b0b0-0000-0101-0004-000000000000"", ""ontologyProperty"": """", ""resourceXresourceId"": ""241c847a-949c-11f0-bc3b-02553ffbe539"", ""inverseOntologyProperty"": """"}]",,,LN4232,,,,,,,,,/files/uploadedfiles/Red-Pigment_Feature1_Panel1_bottom_preview.jpg,LN4232 Feature 1 - Panel 1 (Bottom),
b0b0b0b0-0000-01b1-0000-000000000000,,,,,,"{'url': 'https://lcai-assets.s3.amazonaws.com/models/LN4232-F1-P1-Top.nxs', 'url_label': ''}",GEOMETRYCOLLECTION (POINT (-115.28371069 37.35970102)),"(applies to entire F1 Panel 1) The panel comprises 31 images representing 5 motifs: 3 Anthropomorphic (Pahranagat Pattern Body); 13 Zoomorphic (Big Horn, Quadruped, and Partial); 2 Material Culture (Atlatl); 1 Other (random pecking); and 12 Geometric (Simple Geometric, Complex Geometric, Patterned Body, Rake Variation, Line, and Dot Pattern).",,,,,,,,,,NXS,,,,,,,,,,Centimeter,,,,,,,,,,,"[{""resourceId"": ""b0b0b0b0-0000-0101-0001-000000000000"", ""ontologyProperty"": """", ""resourceXresourceId"": ""241c848c-949c-11f0-bc3b-02553ffbe539"", ""inverseOntologyProperty"": """"}, {""resourceId"": ""b0b0b0b0-0000-0101-0002-000000000000"", ""ontologyProperty"": """", ""resourceXresourceId"": ""241c848d-949c-11f0-bc3b-02553ffbe539"", ""inverseOntologyProperty"": """"}, {""resourceId"": ""b0b0b0b0-0000-0101-0004-000000000000"", ""ontologyProperty"": """", ""resourceXresourceId"": ""241c848e-949c-11f0-bc3b-02553ffbe539"", ""inverseOntologyProperty"": """"}]",,,LN4232,,,,,,,,,/files/uploadedfiles/Red-Pigment_Feature1_Panel1_top_preview.jpg,LN4232 Feature 1 - Panel 1 (Top),
b0b0b0b0-0000-0201-0000-000000000000,,,,,,"{'url': 'https://lcai-assets.s3.amazonaws.com/models/LN4061-F2-P1.nxs', 'url_label': ''}",GEOMETRYCOLLECTION (POINT (-115.28053701 37.36066058)),"This panel comprises 22 images representing 3 motifs: 2 Anthropomorphic (1 Linear Figure and 1 Pahranagat Solid Body); 7 Zoomorphic (Big Horn); and 13 Geometric (Complex Geometric, Simple Geometric, Angular Shape, Concentric Circle, Rake, Parallel Lines, Dot Pattern, and Curvilinear Design).",,"[{""resourceId"": ""b0b0b0b0-0000-0223-0001-000000000000"", ""ontologyProperty"": """", ""resourceXresourceId"": ""241c84a7-949c-11f0-bc3b-02553ffbe539"", ""inverseOntologyProperty"": """"}]",,,,,,,,NXS,,,,,,,,,,Centimeter,,,,,,,,,,,"[{""resourceId"": ""b0b0b0b0-0000-0201-0001-000000000000"", ""ontologyProperty"": """", ""resourceXresourceId"": ""241c84a0-949c-11f0-bc3b-02553ffbe539"", ""inverseOntologyProperty"": """"}, {""resourceId"": ""b0b0b0b0-0000-0201-0002-000000000000"", ""ontologyProperty"": """", ""resourceXresourceId"": ""241c84a1-949c-11f0-bc3b-02553ffbe539"", ""inverseOntologyProperty"": """"}, {""resourceId"": ""b0b0b0b0-0000-0201-0003-000000000000"", ""ontologyProperty"": """", ""resourceXresourceId"": ""241c84a2-949c-11f0-bc3b-02553ffbe539"", ""inverseOntologyProperty"": """"}, {""resourceId"": ""b0b0b0b0-0000-0201-0004-000000000000"", ""ontologyProperty"": """", ""resourceXresourceId"": ""241c84a3-949c-11f0-bc3b-02553ffbe539"", ""inverseOntologyProperty"": """"}]",,,LN4061,,,,,,,,,/files/uploadedfiles/Red-Pigment_Feature2_Panel1_preview.jpg,LN4061 Feature 2 - Panel 1,
b0b0b0b0-0000-0601-0000-000000000000,,,,,,"{'url': 'https://lcai-assets.s3.amazonaws.com/models/LN4061-F6-P1.nxs', 'url_label': ''}",GEOMETRYCOLLECTION (POINT (-115.28054367 37.36068992)),,,"[{""resourceId"": ""b0b0b0b0-0000-0624-0001-000000000000"", ""ontologyProperty"": """", ""resourceXresourceId"": ""254d0b2b-949c-11f0-bc3b-02553ffbe539"", ""inverseOntologyProperty"": """"}, {""resourceId"": ""b0b0b0b0-0000-0624-0002-000000000000"", ""ontologyProperty"": """", ""resourceXresourceId"": ""254d0b2c-949c-11f0-bc3b-02553ffbe539"", ""inverseOntologyProperty"": """"}]",,,,,,,,NXS,,,,,,,,,,Centimeter,,,,,,,,,,,"[{""resourceId"": ""b0b0b0b0-0000-0601-0001-000000000000"", ""ontologyProperty"": """", ""resourceXresourceId"": ""254d0b21-949c-11f0-bc3b-02553ffbe539"", ""inverseOntologyProperty"": """"}, {""resourceId"": ""b0b0b0b0-0000-0601-0002-000000000000"", ""ontologyProperty"": """", ""resourceXresourceId"": ""254d0b22-949c-11f0-bc3b-02553ffbe539"", ""inverseOntologyProperty"": """"}, {""resourceId"": ""b0b0b0b0-0000-0601-0003-000000000000"", ""ontologyProperty"": """", ""resourceXresourceId"": ""254d0b23-949c-11f0-bc3b-02553ffbe539"", ""inverseOntologyProperty"": """"}, {""resourceId"": ""b0b0b0b0-0000-0601-0004-000000000000"", ""ontologyProperty"": """", ""resourceXresourceId"": ""254d0b24-949c-11f0-bc3b-02553ffbe539"", ""inverseOntologyProperty"": """"}, {""resourceId"": ""b0b0b0b0-0000-0601-0005-000000000000"", ""ontologyProperty"": """", ""resourceXresourceId"": ""254d0b25-949c-11f0-bc3b-02553ffbe539"", ""inverseOntologyProperty"": """"}, {""resourceId"": ""b0b0b0b0-0000-0601-0006-000000000000"", ""ontologyProperty"": """", ""resourceXresourceId"": ""254d0b26-949c-11f0-bc3b-02553ffbe539"", ""inverseOntologyProperty"": """"}, {""resourceId"": ""b0b0b0b0-0000-0601-0007-000000000000"", ""ontologyProperty"": """", ""resourceXresourceId"": ""254d0b27-949c-11f0-bc3b-02553ffbe539"", ""inverseOntologyProperty"": """"}]",,,LN4061,,,,,,,,,/files/uploadedfiles/Red-Pigment_Feature6_Panel1_preview.jpg,LN4061 Feature 6 -  Panel 1,
b0b0b0b0-0000-0202-0000-000000000000,,,,,,"{'url': 'https://lcai-assets.s3.amazonaws.com/models/LN4061-F2-P2.nxs', 'url_label': ''}",GEOMETRYCOLLECTION (POINT (-115.280561 37.36065539)),,,"[{""resourceId"": ""b0b0b0b0-0000-0223-0002-000000000000"", ""ontologyProperty"": """", ""resourceXresourceId"": ""241c84bf-949c-11f0-bc3b-02553ffbe539"", ""inverseOntologyProperty"": """"}]",,,,,,,,NXS,,,,,,,,,,Centimeter,,,,,,,,,,,"[{""resourceId"": ""b0b0b0b0-0000-0202-0001-000000000000"", ""ontologyProperty"": """", ""resourceXresourceId"": ""241c84b9-949c-11f0-bc3b-02553ffbe539"", ""inverseOntologyProperty"": """"}, {""resourceId"": ""b0b0b0b0-0000-0202-0002-000000000000"", ""ontologyProperty"": """", ""resourceXresourceId"": ""241c84ba-949c-11f0-bc3b-02553ffbe539"", ""inverseOntologyProperty"": """"}, {""resourceId"": ""b0b0b0b0-0000-0202-0003-000000000000"", ""ontologyProperty"": """", ""resourceXresourceId"": ""241c84bb-949c-11f0-bc3b-02553ffbe539"", ""inverseOntologyProperty"": """"}]",,,LN4061,,,,,,,,,/files/uploadedfiles/Red-Pigment_Feature2_Panel2_preview.jpg,LN4061 Feature 2 - Panel 2,
b0b0b0b0-0000-0203-0000-000000000000,,,,,,"{'url': 'https://lcai-assets.s3.amazonaws.com/models/LN4061-F2-P3.nxs', 'url_label': ''}",GEOMETRYCOLLECTION (POINT (-115.28054214 37.36064032)),,,"[{""resourceId"": ""b0b0b0b0-0000-0223-0003-000000000000"", ""ontologyProperty"": """", ""resourceXresourceId"": ""254d0b0f-949c-11f0-bc3b-02553ffbe539"", ""inverseOntologyProperty"": """"}]",,,,,,,,NXS,,,,,,,,,,Centimeter,,,,,,,,,,,"[{""resourceId"": ""b0b0b0b0-0000-0203-0001-000000000000"", ""ontologyProperty"": """", ""resourceXresourceId"": ""254d0b08-949c-11f0-bc3b-02553ffbe539"", ""inverseOntologyProperty"": """"}, {""resourceId"": ""b0b0b0b0-0000-0203-0002-000000000000"", ""ontologyProperty"": """", ""resourceXresourceId"": ""254d0b09-949c-11f0-bc3b-02553ffbe539"", ""inverseOntologyProperty"": """"}, {""resourceId"": ""b0b0b0b0-0000-0203-0003-000000000000"", ""ontologyProperty"": """", ""resourceXresourceId"": ""254d0b0a-949c-11f0-bc3b-02553ffbe539"", ""inverseOntologyProperty"": """"}, {""resourceId"": ""b0b0b0b0-0000-0203-0004-000000000000"", ""ontologyProperty"": """", ""resourceXresourceId"": ""254d0b0b-949c-11f0-bc3b-02553ffbe539"", ""inverseOntologyProperty"": """"}]",,,LN4061,,,,,,,,,/files/uploadedfiles/Red-Pigment_Feature2_Panel3_preview.jpg,LN4061 Feature 2 - Panel 3,
b0b0b0b0-0000-0801-0000-000000000000,,,,,,"{'url': 'https://lcai-assets.s3.amazonaws.com/models/LN4061-F8-P1.nxs', 'url_label': ''}",GEOMETRYCOLLECTION (POINT (-115.2804375 37.36072985)),"This panel comprises 9 images representing 3 motifs: 1 Anthropomorphic (Other Anthropomorph); 2 Other (Unidentifiable and Solid Unidentifiable); and 6 Geometric (Complex Geometric, Parallel Lines, Zig-Zag, Simple Geometric, Meandering Line, and Concentric Circle).",,"[{""resourceId"": ""b0b0b0b0-0000-0825-0001-000000000000"", ""ontologyProperty"": """", ""resourceXresourceId"": ""254d0b45-949c-11f0-bc3b-02553ffbe539"", ""inverseOntologyProperty"": """"}]",,,,,,,,NXS,,,,,,,,,,Centimeter,,,,,,,,,,,"[{""resourceId"": ""b0b0b0b0-0000-0801-0001-000000000000"", ""ontologyProperty"": """", ""resourceXresourceId"": ""254d0b3e-949c-11f0-bc3b-02553ffbe539"", ""inverseOntologyProperty"": """"}, {""resourceId"": ""b0b0b0b0-0000-0801-0002-000000000000"", ""ontologyProperty"": """", ""resourceXresourceId"": ""254d0b3f-949c-11f0-bc3b-02553ffbe539"", ""inverseOntologyProperty"": """"}, {""resourceId"": ""b0b0b0b0-0000-0801-0003-000000000000"", ""ontologyProperty"": """", ""resourceXresourceId"": ""254d0b40-949c-11f0-bc3b-02553ffbe539"", ""inverseOntologyProperty"": """"}, {""resourceId"": ""b0b0b0b0-0000-0801-0004-000000000000"", ""ontologyProperty"": """", ""resourceXresourceId"": ""254d0b41-949c-11f0-bc3b-02553ffbe539"", ""inverseOntologyProperty"": """"}]",,,LN4061,,,,,,,,,/files/uploadedfiles/Red-Pigment_Feature8_Panel1_preview.jpg,LN4061 Feature 8 - Panel 1,
b0b0b0b0-0000-1401-0000-000000000000,,,,,,"{'url': 'https://lcai-assets.s3.amazonaws.com/models/LN4061-F14-P1.nxs', 'url_label': ''}",GEOMETRYCOLLECTION (POINT (-115.28088039 37.36069372)),This panel comprises 7 images representing 2 motifs: 4 Zoomorphic (Big Horn) and 3 Geometric (Complex Geometric and Grid).,,"[{""resourceId"": ""b0b0b0b0-0000-1401-0008-000000000000"", ""ontologyProperty"": """", ""resourceXresourceId"": ""26831076-949c-11f0-bc3b-02553ffbe539"", ""inverseOntologyProperty"": """"}, {""resourceId"": ""b0b0b0b0-0000-1421-0001-000000000000"", ""ontologyProperty"": """", ""resourceXresourceId"": ""26831077-949c-11f0-bc3b-02553ffbe539"", ""inverseOntologyProperty"": """"}]",,,,,,,,NXS,,,,,,,,,,Centimeter,,,,,,,,,,,"[{""resourceId"": ""b0b0b0b0-0000-1401-0001-000000000000"", ""ontologyProperty"": """", ""resourceXresourceId"": ""254d0b57-949c-11f0-bc3b-02553ffbe539"", ""inverseOntologyProperty"": """"}, {""resourceId"": ""b0b0b0b0-0000-1401-0002-000000000000"", ""ontologyProperty"": """", ""resourceXresourceId"": ""254d0b58-949c-11f0-bc3b-02553ffbe539"", ""inverseOntologyProperty"": """"}, {""resourceId"": ""b0b0b0b0-0000-1401-0003-000000000000"", ""ontologyProperty"": """", ""resourceXresourceId"": ""254d0b59-949c-11f0-bc3b-02553ffbe539"", ""inverseOntologyProperty"": """"}, {""resourceId"": ""b0b0b0b0-0000-1401-0004-000000000000"", ""ontologyProperty"": """", ""resourceXresourceId"": ""254d0b5a-949c-11f0-bc3b-02553ffbe539"", ""inverseOntologyProperty"": """"}, {""resourceId"": ""b0b0b0b0-0000-1401-0005-000000000000"", ""ontologyProperty"": """", ""resourceXresourceId"": ""2683106e-949c-11f0-bc3b-02553ffbe539"", ""inverseOntologyProperty"": """"}, {""resourceId"": ""b0b0b0b0-0000-1401-0006-000000000000"", ""ontologyProperty"": """", ""resourceXresourceId"": ""2683106f-949c-11f0-bc3b-02553ffbe539"", ""inverseOntologyProperty"": """"}, {""resourceId"": ""b0b0b0b0-0000-1401-0007-000000000000"", ""ontologyProperty"": """", ""resourceXresourceId"": ""26831070-949c-11f0-bc3b-02553ffbe539"", ""inverseOntologyProperty"": """"}, {""resourceId"": ""b0b0b0b0-0000-1401-0009-000000000000"", ""ontologyProperty"": """", ""resourceXresourceId"": ""26831071-949c-11f0-bc3b-02553ffbe539"", ""inverseOntologyProperty"": """"}, {""resourceId"": ""b0b0b0b0-0000-1401-0010-000000000000"", ""ontologyProperty"": """", ""resourceXresourceId"": ""26831072-949c-11f0-bc3b-02553ffbe539"", ""inverseOntologyProperty"": """"}]",,,LN4061,,,,,,,,,/files/uploadedfiles/Red-Pigment_Feature14_Panel1_preview.jpg,LN4061 Feature 14 - Panel 1,
b0b0b0b0-0000-2601-0000-000000000000,,,,,,"{'url': 'https://lcai-assets.s3.amazonaws.com/models/LN4232-F26-P1.nxs', 'url_label': ''}",GEOMETRYCOLLECTION (POINT (-115.28147415 37.36010011)),"Barely visible due to water erosion of this bedrock outcrop, Panel P consists of two side-by-side gridded ovals divided by numerous vertical lines, three connected circles in linear arrangement, a circle, three circular vulvaforms, and a vertical line. An archer with bow and arrow, apparently shooting at a fellow anthropomorph, and three additional but separate anthropomorphs are also present. The archer and the anthropomorph being shot at both have circles outlining their dot heads. The three separate anthropomorphs are bowlegged, making them similar in appearance of those that might be seen in the Anasazi area of the Virgin River.<br><br>Located on a horizontal surface, the panel comprises11 images representing 4 motifs: 3 Anthropomorphic (1 Linear Figure and 1 Line of Humans); 1 Zoomorphic (Big Horn); 1 Tracks (Bird Track); and 6 Geometric (Complex Geometric and Barred Oval).",,"[{""resourceId"": ""b0b0b0b0-0000-2636-0001-000000000000"", ""ontologyProperty"": """", ""resourceXresourceId"": ""27b424b8-949c-11f0-bc3b-02553ffbe539"", ""inverseOntologyProperty"": """"}, {""resourceId"": ""b0b0b0b0-0000-262A-0003-000000000000"", ""ontologyProperty"": """", ""resourceXresourceId"": ""27b424b9-949c-11f0-bc3b-02553ffbe539"", ""inverseOntologyProperty"": """"}, {""resourceId"": ""b0b0b0b0-0000-262B-0004-000000000000"", ""ontologyProperty"": """", ""resourceXresourceId"": ""27b424ba-949c-11f0-bc3b-02553ffbe539"", ""inverseOntologyProperty"": """"}, {""resourceId"": ""b0b0b0b0-0000-262E-0003-000000000000"", ""ontologyProperty"": """", ""resourceXresourceId"": ""27b424bb-949c-11f0-bc3b-02553ffbe539"", ""inverseOntologyProperty"": """"}, {""resourceId"": ""b0b0b0b0-0000-2636-0002-000000000000"", ""ontologyProperty"": """", ""resourceXresourceId"": ""27b424bc-949c-11f0-bc3b-02553ffbe539"", ""inverseOntologyProperty"": """"}, {""resourceId"": ""b0b0b0b0-0000-262C-0004-000000000000"", ""ontologyProperty"": """", ""resourceXresourceId"": ""27b424bd-949c-11f0-bc3b-02553ffbe539"", ""inverseOntologyProperty"": """"}, {""resourceId"": ""b0b0b0b0-0000-262D-0002-000000000000"", ""ontologyProperty"": """", ""resourceXresourceId"": ""27b424be-949c-11f0-bc3b-02553ffbe539"", ""inverseOntologyProperty"": """"}, {""resourceId"": ""b0b0b0b0-0000-262E-0003-000000000000"", ""ontologyProperty"": """", ""resourceXresourceId"": ""27b424bf-949c-11f0-bc3b-02553ffbe539"", ""inverseOntologyProperty"": """"}, {""resourceId"": ""b0b0b0b0-0000-2636-0002-000000000000"", ""ontologyProperty"": """", ""resourceXresourceId"": ""27b424c0-949c-11f0-bc3b-02553ffbe539"", ""inverseOntologyProperty"": """"}, {""resourceId"": ""b0b0b0b0-0000-2636-0003-000000000000"", ""ontologyProperty"": """", ""resourceXresourceId"": ""27b424c1-949c-11f0-bc3b-02553ffbe539"", ""inverseOntologyProperty"": """"}]",,,,,,,,NXS,,,,,,,,,,Centimeter,,,,,,,,,,,"[{""resourceId"": ""b0b0b0b0-0000-2601-0001-000000000000"", ""ontologyProperty"": """", ""resourceXresourceId"": ""268310a1-949c-11f0-bc3b-02553ffbe539"", ""inverseOntologyProperty"": """"}, {""resourceId"": ""b0b0b0b0-0000-262A-0001-000000000000"", ""ontologyProperty"": """", ""resourceXresourceId"": ""268310a2-949c-11f0-bc3b-02553ffbe539"", ""inverseOntologyProperty"": """"}, {""resourceId"": ""b0b0b0b0-0000-262A-0002-000000000000"", ""ontologyProperty"": """", ""resourceXresourceId"": ""268310a3-949c-11f0-bc3b-02553ffbe539"", ""inverseOntologyProperty"": """"}, {""resourceId"": ""b0b0b0b0-0000-262B-0001-000000000000"", ""ontologyProperty"": """", ""resourceXresourceId"": ""268310a4-949c-11f0-bc3b-02553ffbe539"", ""inverseOntologyProperty"": """"}, {""resourceId"": ""b0b0b0b0-0000-262B-0002-000000000000"", ""ontologyProperty"": """", ""resourceXresourceId"": ""268310a5-949c-11f0-bc3b-02553ffbe539"", ""inverseOntologyProperty"": """"}, {""resourceId"": ""b0b0b0b0-0000-262B-0003-000000000000"", ""ontologyProperty"": """", ""resourceXresourceId"": ""268310a6-949c-11f0-bc3b-02553ffbe539"", ""inverseOntologyProperty"": """"}, {""resourceId"": ""b0b0b0b0-0000-262C-0001-000000000000"", ""ontologyProperty"": """", ""resourceXresourceId"": ""268310a7-949c-11f0-bc3b-02553ffbe539"", ""inverseOntologyProperty"": """"}, {""resourceId"": ""b0b0b0b0-0000-262C-0002-000000000000"", ""ontologyProperty"": """", ""resourceXresourceId"": ""268310a8-949c-11f0-bc3b-02553ffbe539"", ""inverseOntologyProperty"": """"}, {""resourceId"": ""b0b0b0b0-0000-262C-0003-000000000000"", ""ontologyProperty"": """", ""resourceXresourceId"": ""268310a9-949c-11f0-bc3b-02553ffbe539"", ""inverseOntologyProperty"": """"}, {""resourceId"": ""b0b0b0b0-0000-262C-0005-000000000000"", ""ontologyProperty"": """", ""resourceXresourceId"": ""268310aa-949c-11f0-bc3b-02553ffbe539"", ""inverseOntologyProperty"": """"}, {""resourceId"": ""b0b0b0b0-0000-262D-0001-000000000000"", ""ontologyProperty"": """", ""resourceXresourceId"": ""268310ab-949c-11f0-bc3b-02553ffbe539"", ""inverseOntologyProperty"": """"}, {""resourceId"": ""b0b0b0b0-0000-262D-0003-000000000000"", ""ontologyProperty"": """", ""resourceXresourceId"": ""268310ac-949c-11f0-bc3b-02553ffbe539"", ""inverseOntologyProperty"": """"}, {""resourceId"": ""b0b0b0b0-0000-262E-0001-000000000000"", ""ontologyProperty"": """", ""resourceXresourceId"": ""268310ad-949c-11f0-bc3b-02553ffbe539"", ""inverseOntologyProperty"": """"}, {""resourceId"": ""b0b0b0b0-0000-262E-0002-000000000000"", ""ontologyProperty"": """", ""resourceXresourceId"": ""27b424b4-949c-11f0-bc3b-02553ffbe539"", ""inverseOntologyProperty"": """"}]",,,LN4232,,,,,,,,,/files/uploadedfiles/Red-Pigment_Feature26_Panel1_preview.jpg,LN4232 Feature 26 -  Panel 1,
2e85fc5b-5ea3-4930-ad8e-a0c5294466c1,,,,,,"{'url': 'https://lcai-assets.s3.us-gov-west-1.amazonaws.com/models/LCAI-SG-LN4060-LOCUS-B-PANEL-10-13.nxs', 'url_label': ''}",,"Bighorn sheep facing right, faded abstract motifs(?)",,,,,,,,,,NXS,,,,,,,,,,Centimeter,,,,,,,,,,,,,,LN4060,,,,,,,,,,Locus B - Panel 10-13,
b0b0b0b0-0000-1901-0000-000000000000,,,,,,"{'url': 'https://lcai-assets.s3.amazonaws.com/models/LN4232-F19-P1-2.nxs', 'url_label': ''}",GEOMETRYCOLLECTION (POINT (-115.28265399 37.35962936)),,,,,,,,,,,NXS,,,,,,,,,,Centimeter,,,,,,,,,,,"[{""resourceId"": ""b0b0b0b0-0000-1912-0001-000000000000"", ""ontologyProperty"": """", ""resourceXresourceId"": ""26831089-949c-11f0-bc3b-02553ffbe539"", ""inverseOntologyProperty"": """"}, {""resourceId"": ""b0b0b0b0-0000-1912-0002-000000000000"", ""ontologyProperty"": """", ""resourceXresourceId"": ""2683108a-949c-11f0-bc3b-02553ffbe539"", ""inverseOntologyProperty"": """"}, {""resourceId"": ""b0b0b0b0-0000-1901-0001-000000000000"", ""ontologyProperty"": """", ""resourceXresourceId"": ""2683108b-949c-11f0-bc3b-02553ffbe539"", ""inverseOntologyProperty"": """"}, {""resourceId"": ""b0b0b0b0-0000-1901-0002-000000000000"", ""ontologyProperty"": """", ""resourceXresourceId"": ""2683108c-949c-11f0-bc3b-02553ffbe539"", ""inverseOntologyProperty"": """"}, {""resourceId"": ""b0b0b0b0-0000-1901-0003-000000000000"", ""ontologyProperty"": """", ""resourceXresourceId"": ""2683108d-949c-11f0-bc3b-02553ffbe539"", ""inverseOntologyProperty"": """"}, {""resourceId"": ""b0b0b0b0-0000-1902-0001-000000000000"", ""ontologyProperty"": """", ""resourceXresourceId"": ""2683108e-949c-11f0-bc3b-02553ffbe539"", ""inverseOntologyProperty"": """"}, {""resourceId"": ""b0b0b0b0-0000-1912-0003-000000000000"", ""ontologyProperty"": """", ""resourceXresourceId"": ""2683108f-949c-11f0-bc3b-02553ffbe539"", ""inverseOntologyProperty"": """"}]",,,LN4232,,,,,,,,,/files/uploadedfiles/Red-Pigment_Feature19_Panel1-2_preview.jpg,LN4232 Feature 19 - Panels 1 and 2,
b0b0b0b0-0000-2901-0000-000000000000,,,,,,"{'url': 'https://lcai-assets.s3.amazonaws.com/models/LN4232-F29-P1.nxs', 'url_label': ''}",GEOMETRYCOLLECTION (POINT (-115.28137214 37.36024262)),The panel comprises 5 images representing a Geometric motif (3 Complex and 2 Simple).,,"[{""resourceId"": ""b0b0b0b0-0000-2901-0004-000000000000"", ""ontologyProperty"": """", ""resourceXresourceId"": ""27b424db-949c-11f0-bc3b-02553ffbe539"", ""inverseOntologyProperty"": """"}, {""resourceId"": ""b0b0b0b0-0000-2910-0001-000000000000"", ""ontologyProperty"": """", ""resourceXresourceId"": ""27b424dc-949c-11f0-bc3b-02553ffbe539"", ""inverseOntologyProperty"": """"}]",,,,,,,,NXS,,,,,,,,,,Centimeter,,,,,,,,,,,"[{""resourceId"": ""b0b0b0b0-0000-2901-0001-000000000000"", ""ontologyProperty"": """", ""resourceXresourceId"": ""27b424d3-949c-11f0-bc3b-02553ffbe539"", ""inverseOntologyProperty"": """"}, {""resourceId"": ""b0b0b0b0-0000-2901-0002-000000000000"", ""ontologyProperty"": """", ""resourceXresourceId"": ""27b424d4-949c-11f0-bc3b-02553ffbe539"", ""inverseOntologyProperty"": """"}, {""resourceId"": ""b0b0b0b0-0000-2901-0003-000000000000"", ""ontologyProperty"": """", ""resourceXresourceId"": ""27b424d5-949c-11f0-bc3b-02553ffbe539"", ""inverseOntologyProperty"": """"}, {""resourceId"": ""b0b0b0b0-0000-2901-0005-000000000000"", ""ontologyProperty"": """", ""resourceXresourceId"": ""27b424d6-949c-11f0-bc3b-02553ffbe539"", ""inverseOntologyProperty"": """"}, {""resourceId"": ""b0b0b0b0-0000-2901-0006-000000000000"", ""ontologyProperty"": """", ""resourceXresourceId"": ""27b424d7-949c-11f0-bc3b-02553ffbe539"", ""inverseOntologyProperty"": """"}]",,,LN4232,,,,,,,,,/files/uploadedfiles/Red-Pigment_Feature29_Panel1_preview.jpg,LN4232 Feature 29 - Panel 1,
b0b0b0b0-0000-3201-0000-000000000000,,,,,,"{'url': 'https://lcai-assets.s3.amazonaws.com/models/LN4232-F32-P1.nxs', 'url_label': ''}",GEOMETRYCOLLECTION (POINT (-115.2813695 37.36041614)),"The panel comprises 4 images representing Zoomorphic motifs (3 Big Horn, 1 Cervid).<br><br>This highly visible panel is situated on the north canyon wall. It features four zoomrophs that represent two pecking episodes based on variation in repatination. The largest zoomorph, 1.3 m in length, is both a bighorn sheep and a deer in depiction. Although the sheep's horns are most apparent, two lightly pecked antler horns extend upward from the sheep's upper horn, and the second antler with three terminal branches originates at the back of the neck below the lower sheep horn. The deer's antlers are a later addition to the sheep but appear to be the same relative age. A curved tail and the rear legs may have been repecked at a later date. With long, sweeping, upturned tails, the next three zoomorphs are much smaller than the deer/sheep element and have short ""ears"" rather than the long, curved sheep horns. These smaller animals are thought to represent canines, or possibly predatory animals such as pumas. One of the long-tailed animals is more recently pecked than the other elements on this panel.",,"[{""resourceId"": ""b0b0b0b0-0000-3217-0004-000000000000"", ""ontologyProperty"": """", ""resourceXresourceId"": ""27b424f6-949c-11f0-bc3b-02553ffbe539"", ""inverseOntologyProperty"": """"}]",,,,,,,,NXS,,,,,,,,,,Centimeter,,,,,,,,,,,"[{""resourceId"": ""b0b0b0b0-0000-3201-0001-000000000000"", ""ontologyProperty"": """", ""resourceXresourceId"": ""27b424ee-949c-11f0-bc3b-02553ffbe539"", ""inverseOntologyProperty"": """"}, {""resourceId"": ""b0b0b0b0-0000-3201-0002-000000000000"", ""ontologyProperty"": """", ""resourceXresourceId"": ""27b424ef-949c-11f0-bc3b-02553ffbe539"", ""inverseOntologyProperty"": """"}, {""resourceId"": ""b0b0b0b0-0000-3217-0001-000000000000"", ""ontologyProperty"": """", ""resourceXresourceId"": ""27b424f0-949c-11f0-bc3b-02553ffbe539"", ""inverseOntologyProperty"": """"}, {""resourceId"": ""b0b0b0b0-0000-3217-0002-000000000000"", ""ontologyProperty"": """", ""resourceXresourceId"": ""27b424f1-949c-11f0-bc3b-02553ffbe539"", ""inverseOntologyProperty"": """"}, {""resourceId"": ""b0b0b0b0-0000-3217-0003-000000000000"", ""ontologyProperty"": """", ""resourceXresourceId"": ""27b424f2-949c-11f0-bc3b-02553ffbe539"", ""inverseOntologyProperty"": """"}]",,,LN4232,,,,,,,,,/files/uploadedfiles/Red-Pigment_Feature32_Panel1_preview.jpg,LN4232 Feature 32 - Panel 1,
b0b0b0b0-0000-3202-0000-000000000000,,,,,,"{'url': 'https://lcai-assets.s3.amazonaws.com/models/LN4232-F32-P2.nxs', 'url_label': ''}",GEOMETRYCOLLECTION (POINT (-115.2813695 37.36041614)),"The panel comprises 3 images representing 2 motifs: 1 Anthropomorph (Pahranagat Pattern Body) and 2 Big Horn.<br><br>Although hard to discern, the primary element on this cliff face panel is a Pahranagat patterned body antrhopomorph. It is portrayed with fringe along the lower body outline and has at least three rows of vertically aligned dots for its interior design. Below the Pahranagat-style figure is a double-tailed circle and a small sheep element.",,"[{""resourceId"": ""b0b0b0b0-0000-3217-0008-000000000000"", ""ontologyProperty"": """", ""resourceXresourceId"": ""28df8762-949c-11f0-bc3b-02553ffbe539"", ""inverseOntologyProperty"": """"}]",,,,,,,,NXS,,,,,,,,,,Centimeter,,,,,,,,,,,"[{""resourceId"": ""b0b0b0b0-0000-3202-0001-000000000000"", ""ontologyProperty"": """", ""resourceXresourceId"": ""28df875a-949c-11f0-bc3b-02553ffbe539"", ""inverseOntologyProperty"": """"}, {""resourceId"": ""b0b0b0b0-0000-3202-0002-000000000000"", ""ontologyProperty"": """", ""resourceXresourceId"": ""28df875b-949c-11f0-bc3b-02553ffbe539"", ""inverseOntologyProperty"": """"}, {""resourceId"": ""b0b0b0b0-0000-3217-0005-000000000000"", ""ontologyProperty"": """", ""resourceXresourceId"": ""28df875c-949c-11f0-bc3b-02553ffbe539"", ""inverseOntologyProperty"": """"}, {""resourceId"": ""b0b0b0b0-0000-3217-0006-000000000000"", ""ontologyProperty"": """", ""resourceXresourceId"": ""28df875d-949c-11f0-bc3b-02553ffbe539"", ""inverseOntologyProperty"": """"}, {""resourceId"": ""b0b0b0b0-0000-3217-0007-000000000000"", ""ontologyProperty"": """", ""resourceXresourceId"": ""28df875e-949c-11f0-bc3b-02553ffbe539"", ""inverseOntologyProperty"": """"}]",,,LN4232,,,,,,,,,/files/uploadedfiles/Red-Pigment_Feature32_Panel2_preview.jpg,LN4232 Feature 32 - Panel 2,
b0b0b0b0-0000-3701-0000-000000000000,,,,,,"{'url': 'https://lcai-assets.s3.amazonaws.com/models/LN4232-F37-P1.nxs', 'url_label': ''}",GEOMETRYCOLLECTION (POINT (-115.28121132 37.36016297)),"Single Pahranagat Patterned-body Anthropomorph. Note weighed atlatl.<br><br>Measuring 57 cm tall and high above the canyon floor in an area that is difficult and dangerous to access, a single, well-defined Pahranagat patterned body antropomorph is depicted. A weighted atlatl extends horizontally from its right side, and fringe hangs between the two stick legs. The figure's internal design is composed of two vertical lines, one each to the inside of the defining body shape lines. In addition, there are three dotted lines, the left dotted line having eight dots and the other two having seven dots each. A horizontal line connects the three dotted lines at the third dot down from the top. The top or ""head"" of the figure is expressed by two lines extending upward as a continuation of the outside body lines and legs, the right side terminating in a dot. The left side of the figure is lost as a result of rock spalling.<br><br>The panel comprises 6 images representing 3 motifs: 3 Anthropomorphic (2 Pahranagat Pattern Bodies and a Pahranagat Headdress); 1 Material Culture (Atlatl); and 2 Zoomorphic (1 Big Horn, 1 Quadruped)",,"[{""resourceId"": ""b0b0b0b0-0000-3701-0003-000000000000"", ""ontologyProperty"": """", ""resourceXresourceId"": ""28df877d-949c-11f0-bc3b-02553ffbe539"", ""inverseOntologyProperty"": """"}, {""resourceId"": ""b0b0b0b0-0000-3707-0001-000000000000"", ""ontologyProperty"": """", ""resourceXresourceId"": ""28df877e-949c-11f0-bc3b-02553ffbe539"", ""inverseOntologyProperty"": """"}]",,,,,,,,NXS,,,,,,,,,,Centimeter,,,,,,,,,,,"[{""resourceId"": ""b0b0b0b0-0000-3701-0001-000000000000"", ""ontologyProperty"": """", ""resourceXresourceId"": ""28df8774-949c-11f0-bc3b-02553ffbe539"", ""inverseOntologyProperty"": """"}, {""resourceId"": ""b0b0b0b0-0000-3701-0001-000000000000"", ""ontologyProperty"": """", ""resourceXresourceId"": ""28df8775-949c-11f0-bc3b-02553ffbe539"", ""inverseOntologyProperty"": """"}, {""resourceId"": ""b0b0b0b0-0000-3701-0004-000000000000"", ""ontologyProperty"": """", ""resourceXresourceId"": ""28df8776-949c-11f0-bc3b-02553ffbe539"", ""inverseOntologyProperty"": """"}, {""resourceId"": ""b0b0b0b0-0000-3701-0005-000000000000"", ""ontologyProperty"": """", ""resourceXresourceId"": ""28df8777-949c-11f0-bc3b-02553ffbe539"", ""inverseOntologyProperty"": """"}, {""resourceId"": ""b0b0b0b0-0000-3701-0006-000000000000"", ""ontologyProperty"": """", ""resourceXresourceId"": ""28df8778-949c-11f0-bc3b-02553ffbe539"", ""inverseOntologyProperty"": """"}, {""resourceId"": ""b0b0b0b0-0000-3701-0007-000000000000"", ""ontologyProperty"": """", ""resourceXresourceId"": ""28df8779-949c-11f0-bc3b-02553ffbe539"", ""inverseOntologyProperty"": """"}]",,,LN4232,,,,,,,,,/files/uploadedfiles/Red-Pigment_Feature37_Panel1_preview.jpg,LN4232 Feature 37 -  Panel 1,
2a54de8a-86b0-4ef3-abf4-42bd73dd3e91,,,,,,"{'url': 'https://lcai-assets.s3.us-gov-west-1.amazonaws.com/models/LCAI-SG-LN4060-LOCUS-B-PANEL-9-10.nxs', 'url_label': ''}",,"Elongated rectangle (human figure), concentric circle, segmented oval, other abstract designs, and multiple quadrupeds including bighorn sheep.",,,,,,,,,,NXS,,,,,,,,,,Centimeter,,,,,,,,,,,,,,LN4060,,,,,,,,,,Locus B - Panel 9-10,
b0b0b0b0-0000-4701-0000-000000000000,,,,,,"{'url': 'https://lcai-assets.s3.amazonaws.com/models/LN4232-F47-P1.nxs', 'url_label': ''}",GEOMETRYCOLLECTION (POINT (-115.28047888 37.36043717)),"This panel contains two Geometric images: 1 is an engraved (pecked)  Simple Geometric and the other is a prominent Concentric Circle which is both engraved (pecked) and painted with red pigment.<br><br>Complex concentric circle, 5 pecked circles alternating with 4 red pigment circles.<br><br>Situated at the mouth of the canyon on the southern wall, Panel A contains a concentric circle consisting of four pecked circles and three alternating red pigment circles painted on the raised, natural rock surface. Slightly above the concentric circle element and to its right is a short vertical line, a curvilinear vertical line, and a tilted chevron element.",,"[{""resourceId"": ""b0b0b0b0-0000-4701-0002-000000000000"", ""ontologyProperty"": """", ""resourceXresourceId"": ""28df8796-949c-11f0-bc3b-02553ffbe539"", ""inverseOntologyProperty"": """"}, {""resourceId"": ""b0b0b0b0-0000-4733-0001-000000000000"", ""ontologyProperty"": """", ""resourceXresourceId"": ""28df8797-949c-11f0-bc3b-02553ffbe539"", ""inverseOntologyProperty"": """"}]",,,,,,,,NXS,,,,,,,,,,Centimeter,,,,,,,,,,,"[{""resourceId"": ""b0b0b0b0-0000-4701-0001-000000000000"", ""ontologyProperty"": """", ""resourceXresourceId"": ""28df8790-949c-11f0-bc3b-02553ffbe539"", ""inverseOntologyProperty"": """"}, {""resourceId"": ""b0b0b0b0-0000-4701-0004-000000000000"", ""ontologyProperty"": """", ""resourceXresourceId"": ""28df8791-949c-11f0-bc3b-02553ffbe539"", ""inverseOntologyProperty"": """"}, {""resourceId"": ""b0b0b0b0-0000-4701-0003-000000000000"", ""ontologyProperty"": """", ""resourceXresourceId"": ""28df8792-949c-11f0-bc3b-02553ffbe539"", ""inverseOntologyProperty"": """"}]",,,LN4232,,,,,,,,,/files/uploadedfiles/Red-Pigment_Feature47_Panel1_preview.jpg,LN4232 Feature 47 - Panel 1,
b0b0b0b0-0000-5501-0000-000000000000,,,,,,"{'url': 'https://lcai-assets.s3.amazonaws.com/models/LN4232-F55-P1.nxs', 'url_label': ''}",,"This panel comprises 11 images representing 4 motifs: 3 Anthropomorphic (1 Pahranagat Solid Body and 2 Linear Figures); 1 Zoomorphic (Partail); 1 Other (Circular Random); and 6 Geometric (Simple Geometric, Dot, Meandering Line, and Sinuous Line).",,"[{""resourceId"": ""b0b0b0b0-0000-5501-0008-000000000000"", ""ontologyProperty"": """", ""resourceXresourceId"": ""2a198077-949c-11f0-bc3b-02553ffbe539"", ""inverseOntologyProperty"": """"}, {""resourceId"": ""b0b0b0b0-0000-5535-0001-000000000000"", ""ontologyProperty"": """", ""resourceXresourceId"": ""2a198078-949c-11f0-bc3b-02553ffbe539"", ""inverseOntologyProperty"": """"}]",,,,,,,,NXS,,,,,,,,,,Centimeter,,,,,,,,,,,"[{""resourceId"": ""b0b0b0b0-0000-5501-0001-000000000000"", ""ontologyProperty"": """", ""resourceXresourceId"": ""28df87a9-949c-11f0-bc3b-02553ffbe539"", ""inverseOntologyProperty"": """"}, {""resourceId"": ""b0b0b0b0-0000-5501-0002-000000000000"", ""ontologyProperty"": """", ""resourceXresourceId"": ""28df87aa-949c-11f0-bc3b-02553ffbe539"", ""inverseOntologyProperty"": """"}, {""resourceId"": ""b0b0b0b0-0000-5501-0003-000000000000"", ""ontologyProperty"": """", ""resourceXresourceId"": ""28df87ab-949c-11f0-bc3b-02553ffbe539"", ""inverseOntologyProperty"": """"}, {""resourceId"": ""b0b0b0b0-0000-5501-0004-000000000000"", ""ontologyProperty"": """", ""resourceXresourceId"": ""28df87ac-949c-11f0-bc3b-02553ffbe539"", ""inverseOntologyProperty"": """"}, {""resourceId"": ""b0b0b0b0-0000-5501-0005-000000000000"", ""ontologyProperty"": """", ""resourceXresourceId"": ""2a19806e-949c-11f0-bc3b-02553ffbe539"", ""inverseOntologyProperty"": """"}, {""resourceId"": ""b0b0b0b0-0000-5501-0006-000000000000"", ""ontologyProperty"": """", ""resourceXresourceId"": ""2a19806f-949c-11f0-bc3b-02553ffbe539"", ""inverseOntologyProperty"": """"}, {""resourceId"": ""b0b0b0b0-0000-5501-0007-000000000000"", ""ontologyProperty"": """", ""resourceXresourceId"": ""2a198070-949c-11f0-bc3b-02553ffbe539"", ""inverseOntologyProperty"": """"}, {""resourceId"": ""b0b0b0b0-0000-5501-0009-000000000000"", ""ontologyProperty"": """", ""resourceXresourceId"": ""2a198071-949c-11f0-bc3b-02553ffbe539"", ""inverseOntologyProperty"": """"}, {""resourceId"": ""b0b0b0b0-0000-5501-0010-000000000000"", ""ontologyProperty"": """", ""resourceXresourceId"": ""2a198072-949c-11f0-bc3b-02553ffbe539"", ""inverseOntologyProperty"": """"}, {""resourceId"": ""b0b0b0b0-0000-5501-0011-000000000000"", ""ontologyProperty"": """", ""resourceXresourceId"": ""2a198073-949c-11f0-bc3b-02553ffbe539"", ""inverseOntologyProperty"": """"}]",,,LN4232,,,,,,,,,/files/uploadedfiles/Red-Pigment_Feature55_Panel1_preview.jpg,LN4232 Feature 55 - Panel 1,
151f5ba2-3af2-4cf0-8083-7a87d4896b15,,,,,,"{'url': 'https://lcai-assets.s3.us-gov-west-1.amazonaws.com/models/LCAI-SG-LN4060-LOCUS-A-PANEL-01.nxs', 'url_label': ''}",,Small bighorn sheep facing left,,,,,,,,,,NXS,,,,,,,,,,Centimeter,,,,,,,,,,,,,,LN4060,,,,,,,,,,Locus A - Panel 1,
889fa192-b274-412d-a354-684d01b882ff,,,,,,"{'url': 'https://lcai-assets.s3.us-gov-west-1.amazonaws.com/models/LCAI-SG-LN4060-LOCUS-A-PANEL-02.nxs', 'url_label': ''}",,Human figure with atlatl(?),,,,,,,,,,NXS,,,,,,,,,,Centimeter,,,,,,,,,,,,,,LN4060,,,,,,,,,,Locus A - Panel 2,
3ca81c4f-4ee7-4ec3-a07f-79c5821f173a,,,,,,"{'url': 'https://lcai-assets.s3.us-gov-west-1.amazonaws.com/models/LCAI-SG-LN4060-LOCUS-A-PANEL-03.nxs', 'url_label': ''}",,"Quadruped with rays from head (""Electric Deer""), three big horn sheep facing left, wavy line, scattered abstract motifs.",,,,,,,,,,NXS,,,,,,,,,,Centimeter,,,,,,,,,,,,,,LN4060,,,,,,,,,,Locus A - Panel 3,
4aff84df-acb2-4e49-97af-45e82a8b7497,,,,,,"{'url': 'https://lcai-assets.s3.us-gov-west-1.amazonaws.com/models/LCAI-SG-LN4060-LOCUS-A-PANEL-13-15.nxs', 'url_label': ''}",,"Dense arrangement of bighorn sheep and two human figures (one with atlatl?), bird (?), wavy line, scattered abstract motifs",,,,,,,,,,NXS,,,,,,,,,,Centimeter,,,,,,,,,,,,,,LN4060,,,,,,,,,,Locus A - Panel 13-15,
418ab8cb-9601-4a3f-89b8-21727e3bf048,,,,,,"{'url': 'https://lcai-assets.s3.us-gov-west-1.amazonaws.com/models/LCAI-SG-LN4060-LOCUS-A-PANEL-17.nxs', 'url_label': ''}",,"Deer(?) facing right, abstract motifs",,,,,,,,,,NXS,,,,,,,,,,Centimeter,,,,,,,,,,,,,,LN4060,,,,,,,,,,Locus A - Panel 17,
556ec493-fd18-44c8-ad3b-7ec8edde707d,,,,,,"{'url': 'https://lcai-assets.s3.us-gov-west-1.amazonaws.com/models/LCAI-SG-LN4060-LOCUS-A-PANEL-19-21.nxs', 'url_label': ''}",,"Multiple quadrupeds (deer?, bighorn sheep?), scattered abstract motifs",,,,,,,,,,NXS,,,,,,,,,,Centimeter,,,,,,,,,,,,,,LN4060,,,,,,,,,,Locus A - Panel 19-21,
4dd92345-abae-44e4-84e0-05f2aab01dfb,,,,,,"{'url': 'https://lcai-assets.s3.us-gov-west-1.amazonaws.com/models/LCAI-SG-LN4060-LOCUS-B-PANEL-17-19-23-25.nxs', 'url_label': ''}",,"On left, three vertical parallel dotted lines connected to downward-facing trident with branches ending in filled circles. On right, pierced circle, human figure facing nested vertical lines, surrounded by bighorn sheep.",,,,,,,,,,NXS,,,,,,,,,,Centimeter,,,,,,,,,,,,,,LN4060,,,,,,,,,,"Locus B - 17-19, 23A & 25",
54518ec8-e309-471a-8a16-0cabbfdd15b5,,,,,,"{'url': 'https://lcai-assets.s3.us-gov-west-1.amazonaws.com/models/LCAI-SG-LN4060-LOCUS-B-PANEL-28.nxs', 'url_label': ''}",,"Wavy line, quadrupeds, forked abstract design with 3 branches ending in filled circles",,,,,,,,,,NXS,,,,,,,,,,Centimeter,,,,,,,,,,,,,,LN4060,,,,,,,,,,Locus B - Panel 28,
7d3e9ec2-682a-4455-b062-ed07ffa5488f,,,,,,"{'url': 'https://lcai-assets.s3.us-gov-west-1.amazonaws.com/models/LCAI-SG-LN4060-LOCUS-B-PANEL-27-28.nxs', 'url_label': ''}",,"Dense concentration of quadrupeds, abstract motifs(?)",,,,,,,,,,NXS,,,,,,,,,,Centimeter,,,,,,,,,,,,,,LN4060,,,,,,,,,,"Locus B - Panel 28, 27",
37b11b70-5eb2-4246-ac7f-bd8a71296c1a,,,,,,"{'url': 'https://lcai-assets.s3.us-gov-west-1.amazonaws.com/models/LCAI-SG-LN4060-LOCUS-B-PANEL-36-40.nxs', 'url_label': ''}",,"Multiple quadrupeds, large circle",,,,,,,,,,NXS,,,,,,,,,,Centimeter,,,,,,,,,,,,,,LN4060,,,,,,,,,,Locus B - Panel 36-40,
df11d315-a1cc-4e3e-8268-9ed4e194160d,,,,,,"{'url': 'https://lcai-assets.s3.us-gov-west-1.amazonaws.com/models/LCAI-SG-LN3748-LOCUS-A-PANEL-20.nxs', 'url_label': ''}",,"Concentric circles, faded traces of other abstract motifs",,,,,,,,,,NXS,,,,,,,,,,Centimeter,,,,,,,,,,,,,,LN3748,,,,,,,,,,Locus A - Panel 20,
04c43d5e-d350-4038-b6d1-839656bbbec6,,,,,,"{'url': 'https://lcai-assets.s3.us-gov-west-1.amazonaws.com/models/LCAI-SG-LN3748-LOCUS-A-PANEL-22.nxs', 'url_label': ''}",,"Vertical dotted lines suspended from narrow oval, four parallel curving lines, quadruped(?) ",,,,,,,,,,NXS,,,,,,,,,,Centimeter,,,,,,,,,,,,,,LN3748,,,,,,,,,,Locus A - Panel 22,
ffeda27d-d637-4c98-bcf9-9dc9c00a345f,,,,,,"{'url': 'https://lcai-assets.s3.us-gov-west-1.amazonaws.com/models/LCAI-SG-LN3748-LOCUS-A-PANEL-23.nxs', 'url_label': ''}",,"Bisected circle with interior radiating lines, human stick figure",,,,,,,,,,NXS,,,,,,,,,,Centimeter,,,,,,,,,,,,,,LN3748,,,,,,,,,,Locus A - Panel 23,
97559fe9-f1c0-44ee-a712-01076606feb3,,,,,,"{'url': 'https://lcai-assets.s3.us-gov-west-1.amazonaws.com/models/LCAI-SG-LN3748-LOCUS-A-PANEL-31A-B.nxs', 'url_label': ''}",,"Quadrupeds, anthropomorph(?), scattered abstract motifs",,,,,,,,,,NXS,,,,,,,,,,Centimeter,,,,,,,,,,,,,,LN3748,,,,,,,,,,Locus A - Panel 31 A & B,
806f7d64-b893-4002-ad48-610e90ba4bd6,,,,,,"{'url': 'https://lcai-assets.s3.us-gov-west-1.amazonaws.com/models/LCAI-WRN-II-PANEL-01.nxs', 'url_label': ''}",GEOMETRYCOLLECTION (POINT (-115.04253 37.82887)),"Ovals with internal divisions, sun, other abstract designs - AKA ""Roly-Polys"" or ""Martian Home""",,,,,,,,,,NXS,,,,,,,,,,Centimeter,,,,,,,,,,,,,,LN6172,,,,,,,,,,Roly Polys' Panel 1,
c9c75668-33e7-4a4b-bcf4-3765e8d60b56,,,,,,"{'url': 'https://lcai-assets.s3.us-gov-west-1.amazonaws.com/models/LCAI-WRN-II-PANEL-02.nxs', 'url_label': ''}",GEOMETRYCOLLECTION (POINT (-115.04126 37.8211)),No designs visible,,,,,,,,,,NXS,,,,,,,,,,Centimeter,,,,,,,,,,,,,,LN6172,,,,,,,,,,Roly Polys' Panel 2,
6caa86ad-bca3-41b1-bab6-ad2871c83638,,,,,,"{'url': 'https://lcai-assets.s3.us-gov-west-1.amazonaws.com/models/LCAI-WRN-II-PANEL-05.nxs', 'url_label': ''}",GEOMETRYCOLLECTION (POINT (-115.04278 37.82826)),"Wavy lines, zig-zags, enclosed forms, abstract designs",,,,,,,,,,NXS,,,,,,,,,,Centimeter,,,,,,,,,,,,,,LN6172,,,,,,,,,,Roly Polys' Panel 5,
fc6b593b-13f1-4249-b205-54dfae31d1fb,,,,,,"{'url': 'https://lcai-assets.s3.us-gov-west-1.amazonaws.com/models/LCAI-WRN-III-PANEL-01-02.nxs', 'url_label': ''}",GEOMETRYCOLLECTION (POINT (-115.04007 37.83402)),Engraved rake-like design oriented vertically and a pecked sinuous line; area of solid pecking,,,,,,,,,,NXS,,,,,,,,,,Centimeter,,,,,,,,,,,,,,LN210,,,,,,,,,,Amphitheater Panel 1 - 2,
fc65635b-7ffd-42f2-b8ce-0b273c5dd082,,,,,,"{'url': 'https://lcai-assets.s3.us-gov-west-1.amazonaws.com/models/LCAI-WRN-III-PANEL-03.nxs', 'url_label': ''}",GEOMETRYCOLLECTION (POINT (-115.04009 37.83403)),"Large panel densely packed with designs, including long horizontal rake, bighorn sheep, wavy lines, concentric circles and arcs, anthropomorph, tridents enclosed by circles, stars, and other abstract motifs.",,,,,,,,,,NXS,,,,,,,,,,Centimeter,,,,,,,,,,,,,,LN210,,,,,,,,,,Amphitheater Panel 3,
6d32441e-8716-46ed-8205-88517f70b2ac,,,,,,"{'url': 'https://lcai-assets.s3.us-gov-west-1.amazonaws.com/models/LCAI-WRN-III-PANEL-04A.nxs', 'url_label': ''}",GEOMETRYCOLLECTION (POINT (-115.04028 37.83399)),"Rake facing down, ""X"" design above",,,,,,,,,,NXS,,,,,,,,,,Centimeter,,,,,,,,,,,,,,LN210,,,,,,,,,,Amphitheater Panel 4A,
bcfb44c7-5eb7-44b5-9cb1-01ff6e40797f,,,,,,"{'url': 'https://lcai-assets.s3.us-gov-west-1.amazonaws.com/models/LCAI-WRN-III-PANEL-06.nxs', 'url_label': ''}",GEOMETRYCOLLECTION (POINT (-115.04054 37.83396)),"Wavy lines, plant-like motifs, three connected concentric circles, row of downward-facing triangles, suspended vertical wavy lines, abstract designs",,,,,,,,,,NXS,,,,,,,,,,Centimeter,,,,,,,,,,,,,,LN210,,,,,,,,,,Amphitheater Panel 6A - 6B,
545cff84-bcb6-4bf2-a568-0334f98e6191,,,,,,"{'url': 'https://lcai-assets.s3.us-gov-west-1.amazonaws.com/models/LCAI-WRN-III-PANEL-07.nxs', 'url_label': ''}",GEOMETRYCOLLECTION (POINT (-115.04066 37.83397)),"Circle defaced by bullet holes, three clustered ovals",,,,,,,,,,NXS,,,,,,,,,,Centimeter,,,,,,,,,,,,,,LN210,,,,,,,,,,Amphitheater Panel 7,
226e5316-7263-422e-a983-946a18260386,,,,,,"{'url': 'https://lcai-assets.s3.us-gov-west-1.amazonaws.com/models/LCAI-WRN-III-PANEL-08.nxs', 'url_label': ''}",GEOMETRYCOLLECTION (POINT (-115.04076 37.834)),"Human figures, bighorn sheep, stars, wavy lines, enclosed ovals, upward pointing tridents, abstract designs",,,,,,,,,,NXS,,,,,,,,,,Centimeter,,,,,,,,,,,,,,LN210,,,,,,,,,,Amphitheater Panel 8,
e4c2ecbf-21fd-49df-b9c2-7be84f53a51c,,,,,,"{'url': 'https://lcai-assets.s3.us-gov-west-1.amazonaws.com/models/LCAI-WRN-III-PANEL-09.nxs', 'url_label': ''}",GEOMETRYCOLLECTION (POINT (-115.04104 37.83402)),"Long horizontal rake facing upwards (partially enclosed), bighorn sheep, concentric circles, anthropomorph, dotted vertical line, wavy line, abstract designs.",,,,,,,,,,NXS,,,,,,,,,,Centimeter,,,,,,,,,,,,,,LN210,,,,,,,,,,Amphitheater Panel 9A - 9B,
374dd315-bca9-4a5d-8e27-a1270bcdfc24,,,,,,"{'url': 'https://lcai-assets.s3.us-gov-west-1.amazonaws.com/models/LCAI-WRN-III-PANEL-10.nxs', 'url_label': ''}",GEOMETRYCOLLECTION (POINT (-115.04127 37.83405)),"Horizontal ladder design, horizontal line with short lines above and below, concentric arcs, abstract designs",,,,,,,,,,NXS,,,,,,,,,,Centimeter,,,,,,,,,,,,,,LN210,,,,,,,,,,Amphitheater Panel 10A-D,
15106550-ac4e-4dc8-bb57-7ef2053a47d0,,,,,,"{'url': 'https://lcai-assets.s3.us-gov-west-1.amazonaws.com/models/LCAI-WRN-III-PANEL-12.nxs', 'url_label': ''}",GEOMETRYCOLLECTION (POINT (-115.04174 37.83418)),"Wavy line, faint abstract designs",,,,,,,,,,NXS,,,,,,,,,,Centimeter,,,,,,,,,,,,,,LN210,,,,,,,,,,Amphitheater Panel 12,
970d170e-b0ba-48fe-8e74-8b8d26b6cb5d,,,,,,"{'url': 'https://lcai-assets.s3.us-gov-west-1.amazonaws.com/models/LCAI-WRN-III-PANEL-13.nxs', 'url_label': ''}",GEOMETRYCOLLECTION (POINT (-115.04178 37.83419)),"Four vertically stacked rectangles, wavy lines, clustered circles, dentil design, faint abstract designs",,,,,,,,,,NXS,,,,,,,,,,Centimeter,,,,,,,,,,,,,,LN210,,,,,,,,,,Amphitheater Panel 13,
3abc354a-53e9-40f7-8e9d-72008e73aa6a,,,,,,"{'url': 'https://lcai-assets.s3.us-gov-west-1.amazonaws.com/models/LCAI-WRN-III-PANEL-14.nxs', 'url_label': ''}",GEOMETRYCOLLECTION (POINT (-115.04191 37.83447)),Abstract designs obscured by lichen,,,,,,,,,,NXS,,,,,,,,,,Centimeter,,,,,,,,,,,,,,LN210,,,,,,,,,,Amphitheater Panel 14,
450bbf5e-c576-442d-9c71-64380f960c72,,,,,,"{'url': 'https://lcai-assets.s3.us-gov-west-1.amazonaws.com/models/LCAI-WRN-III-PANEL-15-16.nxs', 'url_label': ''}",GEOMETRYCOLLECTION (POINT (-115.04199 37.83449)),Linked circles,,,,,,,,,,NXS,,,,,,,,,,Centimeter,,,,,,,,,,,,,,LN210,,,,,,,,,,Amphitheater Panel 15-16,
ed84ff50-09df-40b7-a0bb-964f689e5b33,,,,,,"{'url': 'https://lcai-assets.s3.us-gov-west-1.amazonaws.com/models/LCAI-WRN-IV-PANEL-03.nxs', 'url_label': ''}",GEOMETRYCOLLECTION (POINT (-115.04958 37.8189)),Abstract designs  ,,,,,,,,,,NXS,,,,,,,,,,Centimeter,,,,,,,,,,,,,,LN1523,,,,,,,,,,Tiny Sheep Panel 3,
127c8336-d946-487c-97cb-618027950078,,,,,,"{'url': 'https://lcai-assets.s3.us-gov-west-1.amazonaws.com/models/LCAI-WRN-IV-PANEL-04-05-06-07.nxs', 'url_label': ''}",GEOMETRYCOLLECTION (POINT (-115.04951 37.81888)),"Bighorn sheep, parallel wavy lines terminating in solid circles with short lines projecting downward",,,,,,,,,,NXS,,,,,,,,,,Centimeter,,,,,,,,,,,,,,LN1523,,,,,,,,,,"Tiny Sheep Panel 4, 5, 6, 7",
a5e90a81-f7a6-4c98-ac82-988c74b450ec,,,,,,"{'url': 'https://lcai-assets.s3.us-gov-west-1.amazonaws.com/models/LCAI-WRN-IV-PANEL-06-07-08.nxs', 'url_label': ''}",GEOMETRYCOLLECTION (POINT (-115.04947 37.8189)),"Bighorn sheep, parallel wavy lines terminating in solid circles with short lines projecting downward, rectangles, anthropomorphs(?), abstract designs.",,,,,,,,,,NXS,,,,,,,,,,Centimeter,,,,,,,,,,,,,,LN1523,,,,,,,,,,"Tiny Sheep Panel 6B, 7, 8 ",
a41f6bdb-d81c-485f-b8a9-2ef62eab29bb,,,,,,"{'url': 'https://lcai-assets.s3.us-gov-west-1.amazonaws.com/models/LCAI-WRN-IV-PANEL-07-08-09.nxs', 'url_label': ''}",GEOMETRYCOLLECTION (POINT (-115.04943 37.81886)),"Bighorn sheep, parallel wavy lines terminating in solid circles with short lines projecting downward, rectangles, anthropomorphs(?), abstract designs.",,,,,,,,,,NXS,,,,,,,,,,Centimeter,,,,,,,,,,,,,,LN1523,,,,,,,,,,"Tiny Sheep Panel 7, 8, 9",
9d244ff7-e3de-43e9-9d80-76858394e964,,,,,,"{'url': 'https://lcai-assets.s3.us-gov-west-1.amazonaws.com/models/LCAI-WRN-IV-PANEL-12A.nxs', 'url_label': ''}",GEOMETRYCOLLECTION (POINT (-115.04938 37.8188)),"Human figures, zig-zag line, rakes, bighorn sheep",,,,,,,,,,NXS,,,,,,,,,,Centimeter,,,,,,,,,,,,,,LN1523,,,,,,,,,,Tiny Sheep Panel 12A,
e0a0aa8b-b83e-46c5-a181-317aaa7df941,,,,,,"{'url': 'https://lcai-assets.s3.us-gov-west-1.amazonaws.com/models/LCAI-WRN-IV-PANEL-12B.nxs', 'url_label': ''}",GEOMETRYCOLLECTION (POINT (-115.04938 37.8188)),"Rake with parallel lines below, wavy line, attached rectangles, faded bighorn sheep and abstract designs",,,,,,,,,,NXS,,,,,,,,,,Centimeter,,,,,,,,,,,,,,LN1523,,,,,,,,,,Tiny Sheep Panel 12B,
75d8a2d5-8bbc-47ff-8e9d-317cff9ae436,,,,,,"{'url': 'https://lcai-assets.s3.us-gov-west-1.amazonaws.com/models/LCAI-WRN-IV-PANEL-12B-12D.nxs', 'url_label': ''}",GEOMETRYCOLLECTION (POINT (-115.04932 37.81882)),"Rake with parallel lines below, wavy line, attached rectangles, faded bighorn sheep and abstract designs",,,,,,,,,,NXS,,,,,,,,,,Centimeter,,,,,,,,,,,,,,LN1523,,,,,,,,,,"Tiny Sheep Panel 12B, 12C, 12D",
681b64c9-8ac8-4ab8-9fe6-2ab5a08cee18,,,,,,"{'url': 'https://lcai-assets.s3.us-gov-west-1.amazonaws.com/models/LCAI-WRN-IV-PANEL-12D.nxs', 'url_label': ''}",GEOMETRYCOLLECTION (POINT (-115.04931 37.81883)),"Faded abstract designs, anthropomorph",,,,,,,,,,NXS,,,,,,,,,,Centimeter,,,,,,,,,,,,,,LN1523,,,,,,,,,,Tiny Sheep Panel 12D,
c04407dc-db15-4536-9945-8748476b093b,,,,,,"{'url': 'https://lcai-assets.s3.us-gov-west-1.amazonaws.com/models/LCAI-WRN-V-PANEL-07-08-09-10-12.nxs', 'url_label': ''}",GEOMETRYCOLLECTION (POINT (-115.04964 37.81769)),"Scattered abstract designs, including star and concentric arcs",,,,,,,,,,NXS,,,,,,,,,,Centimeter,,,,,,,,,,,,,,LN6171,,,,,,,,,,"Spider Rock 7, 8, 9, 10, 12A",
09a084b7-e184-4b12-85dc-60ebc6affa47,,,,,,"{'url': 'https://lcai-assets.s3.us-gov-west-1.amazonaws.com/models/LCAI-WRN-V-PANEL-08-09-11-12.nxs', 'url_label': ''}",GEOMETRYCOLLECTION (POINT (-115.04964 37.81772)),"Scattered abstract designs, including star, concentric arcs, and wavy line",,,,,,,,,,NXS,,,,,,,,,,Centimeter,,,,,,,,,,,,,,LN6171,,,,,,,,,,"Spider Rock 7, 8, 9, 11, 12A-B",
a61c2ba5-3ec9-4ee7-bb99-8640edb2e776,,,,,,"{'url': 'https://lcai-assets.s3.us-gov-west-1.amazonaws.com/models/LCAI-WRN-VI-LOWER.nxs', 'url_label': ''}",GEOMETRYCOLLECTION (POINT (-115.01952 37.86408)),"Oval ""vulva"" shapes, hand designs, bighorn sheep, downward facing rakes, abstract designs",,,,,,,,,,NXS,,,,,,,,,,Centimeter,,,,,,,,,,,,,,,,,,,,,,,,WRN VI - Lower Portion,
02ed8316-85ee-4f78-83e8-e13f32fbc1ca,,,,,,"{'url': 'https://lcai-assets.s3.us-gov-west-1.amazonaws.com/models/LCAI-WRN-VI-MID-LOWER.nxs', 'url_label': ''}",GEOMETRYCOLLECTION (POINT (-115.01952 37.86408)),"Close-packed designs including horizontal lines, wavy lines, rakes, concentric circles, bighorn sheep, hand shapes, abstract designs",,,,,,,,,,NXS,,,,,,,,,,Centimeter,,,,,,,,,,,,,,,,,,,,,,,,WRN VI – Mid-Lower Portion,
37a47bd1-9416-4783-8b25-69f31bf71c33,,,,,,"{'url': 'https://lcai-assets.s3.us-gov-west-1.amazonaws.com/models/LCAI-WRN-VI-MID-UPPER.nxs', 'url_label': ''}",GEOMETRYCOLLECTION (POINT (-115.01952 37.86408)),"Concentric arcs divided by central vertical line, parallel wavy lines, parallel horizontal line, faded abstract designs.",,,,,,,,,,NXS,,,,,,,,,,Centimeter,,,,,,,,,,,,,,,,,,,,,,,,WRN VI – Mid-Upper Portion,
c76a1d5d-5c5c-4f0c-89bc-cb79eafb1dab,,,,,,"{'url': 'https://lcai-assets.s3.us-gov-west-1.amazonaws.com/models/LCAI-WRN-VI-UPPER.nxs', 'url_label': ''}",GEOMETRYCOLLECTION (POINT (-115.01952 37.86408)),"Hand shape, concentric arcs, wavy lines, bighorn sheep, dotted lines, connected circles, circles with internal parallel lines, other abstract designs,",,,,,,,,,,NXS,,,,,,,,,,Centimeter,,,,,,,,,,,,,,,,,,,,,,,,WRN VI - Upper Portion,
e8d97610-58fb-4d50-932f-9dfa67650b4b,,,,,,"{'url': 'https://lcai-assets.s3.us-gov-west-1.amazonaws.com/models/LCAI-WRN-RED-PANEL-01.nxs', 'url_label': ''}",GEOMETRYCOLLECTION (POINT (-115.03792 37.84283)),Concentric circles in red pigment,,,,,,,,,,NXS,,,,,,,,,,Centimeter,,,,,,,,,,,,,,LN210,,,,,,,,,,Red Pigment Panel 1,
2693483a-d0b2-44cd-84c4-a7407fb263ef,,,,,,"{'url': 'https://lcai-assets.s3.us-gov-west-1.amazonaws.com/models/LCAI-WRN-RED-PANEL-02.nxs', 'url_label': ''}",GEOMETRYCOLLECTION (POINT (-115.03646 37.83798)),Wavy lines and vertical finger smears in red pigment,,,,,,,,,,NXS,,,,,,,,,,Centimeter,,,,,,,,,,,,,,LN210,,,,,,,,,,Red Pigment Panel 2,
33e2c14c-2295-4432-b934-2697f1be9e22,,,,,,"{'url': 'https://lcai-assets.s3.us-gov-west-1.amazonaws.com/models/LCAI-WRN-RED-PANEL-05-06.nxs', 'url_label': ''}",GEOMETRYCOLLECTION (POINT (-115.0358 37.83775)),Finger marks in red pigment,,,,,,,,,,NXS,,,,,,,,,,Centimeter,,,,,,,,,,,,,,LN210,,,,,,,,,,Red Pigment 5 & 6,
5624e683-9ddd-45dc-bc12-03c8e1fdce66,,,,,,"{'url': 'https://lcai-assets.s3.us-gov-west-1.amazonaws.com/models/LCAI-WRN-RED-PANEL-10.nxs', 'url_label': ''}",GEOMETRYCOLLECTION (POINT (-115.03516 37.83768)),Vertical finger marks in red pigment,,,,,,,,,,NXS,,,,,,,,,,Centimeter,,,,,,,,,,,,,,LN210,,,,,,,,,,Red Pigment Panel 10 ,
c25b0c4d-258d-4531-a60d-583aab69962a,,,,,,"{'url': 'https://lcai-assets.s3.us-gov-west-1.amazonaws.com/models/LCAI-WRN-RED-PANEL-13.nxs', 'url_label': ''}",GEOMETRYCOLLECTION (POINT (-115.03506 37.83762)),No visible pictographs,,,,,,,,,,NXS,,,,,,,,,,Centimeter,,,,,,,,,,,,,,LN210,,,,,,,,,,Red Pigment Panel 13 ,
34721025-cec5-42b2-b2a6-5ab2318c6de0,,,,,,"{'url': 'https://lcai-assets.s3.us-gov-west-1.amazonaws.com/models/LCAI-WRN-RED-PANEL-14-15.nxs', 'url_label': ''}",GEOMETRYCOLLECTION (POINT (-115.03494 37.83759)),Indistinct pictographs in red pigment,,,,,,,,,,NXS,,,,,,,,,,Centimeter,,,,,,,,,,,,,,LN210,,,,,,,,,,Red Pigment Panel 14-16,
